#
# There is insufficient memory for the Java Runtime Environment to continue.
# Native memory allocation (mmap) failed to map 65536 bytes for Failed to commit metaspace.
# Possible reasons:
#   The system is out of physical RAM or swap space
#   The process is running with CompressedOops enabled, and the Java Heap may be blocking the growth of the native heap
# Possible solutions:
#   Reduce memory load on the system
#   Increase physical memory or swap space
#   Check if swap backing store is full
#   Decrease Java heap size (-Xmx/-Xms)
#   Decrease number of Java threads
#   Decrease Java thread stack sizes (-Xss)
#   Set larger code cache with -XX:ReservedCodeCacheSize=
#   JVM is running with Unscaled Compressed Oops mode in which the Java heap is
#     placed in the first 4GB address space. The Java Heap base address is the
#     maximum limit for the native heap growth. Please use -XX:HeapBaseMinAddress
#     to set the Java Heap base and to place the Java Heap above 4GB virtual address.
# This output file may be truncated or incomplete.
#
#  Out of Memory Error (virtualSpaceNode.cpp:112), pid=23160, tid=12108
#
# JRE version: Java(TM) SE Runtime Environment (21.0.10+8) (build 21.0.10+8-LTS-217)
# Java VM: Java HotSpot(TM) 64-Bit Server VM (21.0.10+8-LTS-217, mixed mode, emulated-client, sharing, tiered, compressed oops, compressed class ptrs, g1 gc, windows-amd64)
# No core dump will be written. Minidumps are not enabled by default on client versions of Windows
#

---------------  S U M M A R Y ------------

Command Line: -agentlib:jdwp=transport=dt_socket,address=127.0.0.1:1904,suspend=y,server=n -javaagent:C:\Users\Rayhan_Bhuya\AppData\Local\JetBrains\IntelliJIdea2025.2\captureAgent\debugger-agent.jar=file:///C:/Users/RAYHAN~1/AppData/Local/Temp/capture16718181190937107834.props -agentpath:C:\Users\Rayhan_Bhuya\AppData\Local\Temp\idea_libasyncProfiler_dll_temp_folder2\libasyncProfiler.dll=version,jfr,event=wall,interval=10ms,cstack=no,file=C:\Users\Rayhan_Bhuya\IdeaSnapshots\DeliveryBackendApplication_2026_02_21_235309.jfr,dbghelppath=C:\Users\Rayhan_Bhuya\AppData\Local\Temp\idea_dbghelp_dll_temp_folder1\dbghelp.dll,log=C:\Users\Rayhan_Bhuya\AppData\Local\Temp\DeliveryBackendApplication_2026_02_21_235309.jfr.log.txt,logLevel=DEBUG -XX:TieredStopAtLevel=1 -Dspring.output.ansi.enabled=always -Dcom.sun.management.jmxremote -Dspring.jmx.enabled=true -Dspring.liveBeansView.mbeanDomain -Dspring.application.admin.enabled=true -Dmanagement.endpoints.jmx.exposure.include=* -Dkotlinx.coroutines.debug.enable.creation.stack.trace=false -Ddebugger.agent.enable.coroutines=true -Dkotlinx.coroutines.debug.enable.flows.stack.trace=true -Dkotlinx.coroutines.debug.enable.mutable.state.flows.stack.trace=true -Dfile.encoding=UTF-8 -Dsun.stdout.encoding=UTF-8 -Dsun.stderr.encoding=UTF-8 kn.org.deliverybackend.DeliveryBackendApplication

Host: AMD Ryzen 5 5600G with Radeon Graphics         , 12 cores, 7G,  Windows 11 , 64 bit Build 26100 (10.0.26100.7623)
Time: Sat Feb 21 23:53:21 2026 Bangladesh Standard Time elapsed time: 12.129046 seconds (0d 0h 0m 12s)

---------------  T H R E A D  ---------------

Current thread (0x000001fc3efbdcf0):  JavaThread "main"             [_thread_in_vm, id=12108, stack(0x000000a4a0700000,0x000000a4a0800000) (1024K)]

Stack: [0x000000a4a0700000,0x000000a4a0800000]
Native frames: (J=compiled Java code, j=interpreted, Vv=VM code, C=native code)
V  [jvm.dll+0x6d0b59]
V  [jvm.dll+0x85fd56]
V  [jvm.dll+0x86224e]
V  [jvm.dll+0x862923]
V  [jvm.dll+0x282a16]
V  [jvm.dll+0x85bade]
V  [jvm.dll+0x674a44]
V  [jvm.dll+0x1e7c48]
V  [jvm.dll+0x1e7a0e]
V  [jvm.dll+0x67736f]
V  [jvm.dll+0x6771a2]
V  [jvm.dll+0x67541e]
V  [jvm.dll+0x67f678]
V  [jvm.dll+0x218c6e]
V  [jvm.dll+0x219115]
V  [jvm.dll+0x219b1b]
V  [jvm.dll+0x20ec2e]
V  [jvm.dll+0x5b291f]
V  [jvm.dll+0x7d9d26]
V  [jvm.dll+0x475878]
V  [jvm.dll+0x47b4c8]
C  [java.dll+0x1818]

Java frames: (J=compiled Java code, j=interpreted, Vv=VM code)
J 1293  java.lang.ClassLoader.defineClass1(Ljava/lang/ClassLoader;Ljava/lang/String;[BIILjava/security/ProtectionDomain;Ljava/lang/String;)Ljava/lang/Class; java.base@21.0.10 (0 bytes) @ 0x000001fc47ce7491 [0x000001fc47ce73c0+0x00000000000000d1]
J 1557 c1 java.lang.ClassLoader.defineClass(Ljava/lang/String;[BIILjava/security/ProtectionDomain;)Ljava/lang/Class; java.base@21.0.10 (43 bytes) @ 0x000001fc47d82cb4 [0x000001fc47d82b60+0x0000000000000154]
J 1447 c1 jdk.internal.loader.BuiltinClassLoader.defineClass(Ljava/lang/String;Ljdk/internal/loader/Resource;)Ljava/lang/Class; java.base@21.0.10 (121 bytes) @ 0x000001fc47d477d4 [0x000001fc47d47240+0x0000000000000594]
J 1446 c1 jdk.internal.loader.BuiltinClassLoader.findClassOnClassPathOrNull(Ljava/lang/String;)Ljava/lang/Class; java.base@21.0.10 (64 bytes) @ 0x000001fc47d48a94 [0x000001fc47d48780+0x0000000000000314]
J 1242 c1 jdk.internal.loader.BuiltinClassLoader.loadClassOrNull(Ljava/lang/String;Z)Ljava/lang/Class; java.base@21.0.10 (143 bytes) @ 0x000001fc47cce5c4 [0x000001fc47cce180+0x0000000000000444]
J 1342 c1 jdk.internal.loader.ClassLoaders$AppClassLoader.loadClass(Ljava/lang/String;Z)Ljava/lang/Class; java.base@21.0.10 (40 bytes) @ 0x000001fc47d0d9ac [0x000001fc47d0d940+0x000000000000006c]
J 1341 c1 java.lang.ClassLoader.loadClass(Ljava/lang/String;)Ljava/lang/Class; java.base@21.0.10 (7 bytes) @ 0x000001fc47d0bc2c [0x000001fc47d0bbc0+0x000000000000006c]
v  ~StubRoutines::call_stub 0x000001fc477b100d
J 1293  java.lang.ClassLoader.defineClass1(Ljava/lang/ClassLoader;Ljava/lang/String;[BIILjava/security/ProtectionDomain;Ljava/lang/String;)Ljava/lang/Class; java.base@21.0.10 (0 bytes) @ 0x000001fc47ce7491 [0x000001fc47ce73c0+0x00000000000000d1]
J 1557 c1 java.lang.ClassLoader.defineClass(Ljava/lang/String;[BIILjava/security/ProtectionDomain;)Ljava/lang/Class; java.base@21.0.10 (43 bytes) @ 0x000001fc47d82cb4 [0x000001fc47d82b60+0x0000000000000154]
J 1447 c1 jdk.internal.loader.BuiltinClassLoader.defineClass(Ljava/lang/String;Ljdk/internal/loader/Resource;)Ljava/lang/Class; java.base@21.0.10 (121 bytes) @ 0x000001fc47d477d4 [0x000001fc47d47240+0x0000000000000594]
J 1446 c1 jdk.internal.loader.BuiltinClassLoader.findClassOnClassPathOrNull(Ljava/lang/String;)Ljava/lang/Class; java.base@21.0.10 (64 bytes) @ 0x000001fc47d48a94 [0x000001fc47d48780+0x0000000000000314]
J 1242 c1 jdk.internal.loader.BuiltinClassLoader.loadClassOrNull(Ljava/lang/String;Z)Ljava/lang/Class; java.base@21.0.10 (143 bytes) @ 0x000001fc47cce5c4 [0x000001fc47cce180+0x0000000000000444]
J 1342 c1 jdk.internal.loader.ClassLoaders$AppClassLoader.loadClass(Ljava/lang/String;Z)Ljava/lang/Class; java.base@21.0.10 (40 bytes) @ 0x000001fc47d0d9ac [0x000001fc47d0d940+0x000000000000006c]
J 1341 c1 java.lang.ClassLoader.loadClass(Ljava/lang/String;)Ljava/lang/Class; java.base@21.0.10 (7 bytes) @ 0x000001fc47d0bc2c [0x000001fc47d0bbc0+0x000000000000006c]
v  ~StubRoutines::call_stub 0x000001fc477b100d
j  org.springframework.http.converter.DefaultHttpMessageConverters$DefaultServerBuilder.build()Lorg/springframework/http/converter/HttpMessageConverters;+19
j  org.springframework.web.servlet.config.annotation.WebMvcConfigurationSupport.createMessageConverters()Lorg/springframework/http/converter/HttpMessageConverters;+18
j  org.springframework.web.servlet.config.annotation.WebMvcConfigurationSupport.addDefaultHttpMessageConverters(Ljava/util/List;)V+1
j  org.springframework.web.servlet.config.annotation.WebMvcConfigurationSupport.getMessageConverters()Ljava/util/List;+43
j  org.springframework.web.servlet.config.annotation.WebMvcConfigurationSupport.getDefaultMediaTypes()Ljava/util/Map;+10
j  org.springframework.web.servlet.config.annotation.WebMvcConfigurationSupport.mvcContentNegotiationManager()Lorg/springframework/web/accept/ContentNegotiationManager;+17
J 5877 c1 java.lang.invoke.DirectMethodHandle$Holder.invokeVirtual(Ljava/lang/Object;Ljava/lang/Object;)Ljava/lang/Object; java.base@21.0.10 (14 bytes) @ 0x000001fc485ddf34 [0x000001fc485ddec0+0x0000000000000074]
J 2702 c1 java.lang.invoke.LambdaForm$MH+0x000001fc52007000.invoke(Ljava/lang/Object;Ljava/lang/Object;)Ljava/lang/Object; java.base@21.0.10 (35 bytes) @ 0x000001fc47fbb264 [0x000001fc47fbb160+0x0000000000000104]
J 4505 c1 jdk.internal.reflect.DirectMethodHandleAccessor.invoke(Ljava/lang/Object;[Ljava/lang/Object;)Ljava/lang/Object; java.base@21.0.10 (92 bytes) @ 0x000001fc4836f55c [0x000001fc4836f240+0x000000000000031c]
J 4555 c1 java.lang.reflect.Method.invoke(Ljava/lang/Object;[Ljava/lang/Object;)Ljava/lang/Object; java.base@21.0.10 (108 bytes) @ 0x000001fc48389c74 [0x000001fc48389a80+0x00000000000001f4]
j  org.springframework.beans.factory.support.SimpleInstantiationStrategy.lambda$instantiate$0(Ljava/lang/reflect/Method;Ljava/lang/Object;[Ljava/lang/Object;Lorg/springframework/beans/factory/support/RootBeanDefinition;Lorg/springframework/beans/factory/BeanFactory;)Ljava/lang/Object;+7
j  org.springframework.beans.factory.support.SimpleInstantiationStrategy$$Lambda+0x000001fc52469e90.get()Ljava/lang/Object;+20
j  org.springframework.beans.factory.support.SimpleInstantiationStrategy.instantiateWithFactoryMethod(Ljava/lang/reflect/Method;Ljava/util/function/Supplier;)Ljava/lang/Object;+18
j  org.springframework.beans.factory.support.SimpleInstantiationStrategy.instantiate(Lorg/springframework/beans/factory/support/RootBeanDefinition;Ljava/lang/String;Lorg/springframework/beans/factory/BeanFactory;Ljava/lang/Object;Ljava/lang/reflect/Method;[Ljava/lang/Object;)Ljava/lang/Object;+15
j  org.springframework.beans.factory.support.ConstructorResolver.instantiate(Ljava/lang/String;Lorg/springframework/beans/factory/support/RootBeanDefinition;Ljava/lang/Object;Ljava/lang/reflect/Method;[Ljava/lang/Object;)Ljava/lang/Object;+18
j  org.springframework.beans.factory.support.ConstructorResolver.instantiateUsingFactoryMethod(Ljava/lang/String;Lorg/springframework/beans/factory/support/RootBeanDefinition;[Ljava/lang/Object;)Lorg/springframework/beans/BeanWrapper;+491
j  org.springframework.beans.factory.support.AbstractAutowireCapableBeanFactory.instantiateUsingFactoryMethod(Ljava/lang/String;Lorg/springframework/beans/factory/support/RootBeanDefinition;[Ljava/lang/Object;)Lorg/springframework/beans/BeanWrapper;+11
j  org.springframework.beans.factory.support.AbstractAutowireCapableBeanFactory.createBeanInstance(Ljava/lang/String;Lorg/springframework/beans/factory/support/RootBeanDefinition;[Ljava/lang/Object;)Lorg/springframework/beans/BeanWrapper;+93
j  org.springframework.beans.factory.support.AbstractAutowireCapableBeanFactory.doCreateBean(Ljava/lang/String;Lorg/springframework/beans/factory/support/RootBeanDefinition;[Ljava/lang/Object;)Ljava/lang/Object;+34
j  org.springframework.beans.factory.support.AbstractAutowireCapableBeanFactory.createBean(Ljava/lang/String;Lorg/springframework/beans/factory/support/RootBeanDefinition;[Ljava/lang/Object;)Ljava/lang/Object;+153
j  org.springframework.beans.factory.support.AbstractBeanFactory.lambda$doGetBean$0(Ljava/lang/String;Lorg/springframework/beans/factory/support/RootBeanDefinition;[Ljava/lang/Object;)Ljava/lang/Object;+4
j  org.springframework.beans.factory.support.AbstractBeanFactory$$Lambda+0x000001fc522f7058.getObject()Ljava/lang/Object;+16
j  org.springframework.beans.factory.support.DefaultSingletonBeanRegistry.getSingleton(Ljava/lang/String;Lorg/springframework/beans/factory/ObjectFactory;)Ljava/lang/Object;+897
J 3113 c1 org.springframework.beans.factory.support.AbstractBeanFactory.doGetBean(Ljava/lang/String;Ljava/lang/Class;[Ljava/lang/Object;Z)Ljava/lang/Object; (791 bytes) @ 0x000001fc480ab474 [0x000001fc480aae20+0x0000000000000654]
J 3117 c1 org.springframework.beans.factory.support.AbstractBeanFactory.getBean(Ljava/lang/String;Ljava/lang/Class;)Ljava/lang/Object; (9 bytes) @ 0x000001fc480a3e34 [0x000001fc480a3dc0+0x0000000000000074]
j  org.springframework.beans.factory.support.DefaultListableBeanFactory.resolveBean(Ljava/lang/String;Lorg/springframework/core/ResolvableType;)Ljava/lang/Object;+6
j  org.springframework.beans.factory.support.DefaultListableBeanFactory.doResolveDependency(Lorg/springframework/beans/factory/config/DependencyDescriptor;Ljava/lang/String;Ljava/util/Set;Lorg/springframework/beans/TypeConverter;)Ljava/lang/Object;+350
j  org.springframework.beans.factory.support.DefaultListableBeanFactory.resolveDependency(Lorg/springframework/beans/factory/config/DependencyDescriptor;Ljava/lang/String;Ljava/util/Set;Lorg/springframework/beans/TypeConverter;)Ljava/lang/Object;+115
j  org.springframework.beans.factory.support.ConstructorResolver.resolveAutowiredArgument(Lorg/springframework/beans/factory/config/DependencyDescriptor;Ljava/lang/Class;Ljava/lang/String;Ljava/util/Set;Lorg/springframework/beans/TypeConverter;Z)Ljava/lang/Object;+56
j  org.springframework.beans.factory.support.ConstructorResolver.createArgumentArray(Ljava/lang/String;Lorg/springframework/beans/factory/support/RootBeanDefinition;Lorg/springframework/beans/factory/config/ConstructorArgumentValues;Lorg/springframework/beans/BeanWrapper;[Ljava/lang/Class;[Ljava/lang/String;Ljava/lang/reflect/Executable;ZZ)Lorg/springframework/beans/factory/support/ConstructorResolver$ArgumentsHolder;+420
j  org.springframework.beans.factory.support.ConstructorResolver.instantiateUsingFactoryMethod(Ljava/lang/String;Lorg/springframework/beans/factory/support/RootBeanDefinition;[Ljava/lang/Object;)Lorg/springframework/beans/BeanWrapper;+754
j  org.springframework.beans.factory.support.AbstractAutowireCapableBeanFactory.instantiateUsingFactoryMethod(Ljava/lang/String;Lorg/springframework/beans/factory/support/RootBeanDefinition;[Ljava/lang/Object;)Lorg/springframework/beans/BeanWrapper;+11
j  org.springframework.beans.factory.support.AbstractAutowireCapableBeanFactory.createBeanInstance(Ljava/lang/String;Lorg/springframework/beans/factory/support/RootBeanDefinition;[Ljava/lang/Object;)Lorg/springframework/beans/BeanWrapper;+93
j  org.springframework.beans.factory.support.AbstractAutowireCapableBeanFactory.doCreateBean(Ljava/lang/String;Lorg/springframework/beans/factory/support/RootBeanDefinition;[Ljava/lang/Object;)Ljava/lang/Object;+34
j  org.springframework.beans.factory.support.AbstractAutowireCapableBeanFactory.createBean(Ljava/lang/String;Lorg/springframework/beans/factory/support/RootBeanDefinition;[Ljava/lang/Object;)Ljava/lang/Object;+153
j  org.springframework.beans.factory.support.AbstractBeanFactory.lambda$doGetBean$0(Ljava/lang/String;Lorg/springframework/beans/factory/support/RootBeanDefinition;[Ljava/lang/Object;)Ljava/lang/Object;+4
j  org.springframework.beans.factory.support.AbstractBeanFactory$$Lambda+0x000001fc522f7058.getObject()Ljava/lang/Object;+16
j  org.springframework.beans.factory.support.DefaultSingletonBeanRegistry.getSingleton(Ljava/lang/String;Lorg/springframework/beans/factory/ObjectFactory;)Ljava/lang/Object;+897
J 3113 c1 org.springframework.beans.factory.support.AbstractBeanFactory.doGetBean(Ljava/lang/String;Ljava/lang/Class;[Ljava/lang/Object;Z)Ljava/lang/Object; (791 bytes) @ 0x000001fc480ab474 [0x000001fc480aae20+0x0000000000000654]
j  org.springframework.beans.factory.support.AbstractBeanFactory.getBean(Ljava/lang/String;)Ljava/lang/Object;+5
j  org.springframework.beans.factory.support.DefaultListableBeanFactory.instantiateSingleton(Ljava/lang/String;)V+51
j  org.springframework.beans.factory.support.DefaultListableBeanFactory.preInstantiateSingleton(Ljava/lang/String;Lorg/springframework/beans/factory/support/RootBeanDefinition;)Ljava/util/concurrent/CompletableFuture;+141
j  org.springframework.beans.factory.support.DefaultListableBeanFactory.preInstantiateSingletons()V+130
j  org.springframework.context.support.AbstractApplicationContext.finishBeanFactoryInitialization(Lorg/springframework/beans/factory/config/ConfigurableListableBeanFactory;)V+290
j  org.springframework.context.support.AbstractApplicationContext.refresh()V+94
j  org.springframework.boot.web.server.servlet.context.ServletWebServerApplicationContext.refresh()V+1
j  org.springframework.boot.SpringApplication.refresh(Lorg/springframework/context/ConfigurableApplicationContext;)V+1
j  org.springframework.boot.SpringApplication.refreshContext(Lorg/springframework/context/ConfigurableApplicationContext;)V+19
j  org.springframework.boot.SpringApplication.run([Ljava/lang/String;)Lorg/springframework/context/ConfigurableApplicationContext;+113
j  org.springframework.boot.SpringApplication.run([Ljava/lang/Class;[Ljava/lang/String;)Lorg/springframework/context/ConfigurableApplicationContext;+9
j  org.springframework.boot.SpringApplication.run(Ljava/lang/Class;[Ljava/lang/String;)Lorg/springframework/context/ConfigurableApplicationContext;+9
j  kn.org.deliverybackend.DeliveryBackendApplication.main([Ljava/lang/String;)V+3
v  ~StubRoutines::call_stub 0x000001fc477b100d

Compiled method (n/a)   12150 1293     n 0       java.lang.ClassLoader::defineClass1 (native)
 total in heap  [0x000001fc47ce7210,0x000001fc47ce7870] = 1632
 relocation     [0x000001fc47ce7370,0x000001fc47ce73a8] = 56
 main code      [0x000001fc47ce73c0,0x000001fc47ce786f] = 1199
 stub code      [0x000001fc47ce786f,0x000001fc47ce7870] = 1

[Constant Pool (empty)]

[MachCode]
[Entry Point]
  # {method} {0x000001fc514396f0} 'defineClass1' '(Ljava/lang/ClassLoader;Ljava/lang/String;[BIILjava/security/ProtectionDomain;Ljava/lang/String;)Ljava/lang/Class;' in 'java/lang/ClassLoader'
  # parm0:    rdx:rdx   = 'java/lang/ClassLoader'
  # parm1:    r8:r8     = 'java/lang/String'
  # parm2:    r9:r9     = '[B'
  # parm3:    rdi       = int
  # parm4:    rsi       = int
  # parm5:    rcx:rcx   = 'java/security/ProtectionDomain'
  # parm6:    [sp+0xa0]   = 'java/lang/String'  (sp of caller)
  0x000001fc47ce73c0: 448b 5208 | 49bb 0000 | 0051 fc01 | 0000 4d03 | d349 3bc2 | 0f84 0600 

  0x000001fc47ce73d8: ;   {runtime_call ic_miss_stub}
  0x000001fc47ce73d8: 0000 e9a1 | 73b1 ff90 
[Verified Entry Point]
  0x000001fc47ce73e0: 8984 2400 | 80ff ff55 | 488b ec48 | 81ec 9000 | 0000 6690 | 4181 7f20 | 0900 0000 

  0x000001fc47ce73fc: ;   {runtime_call StubRoutines (final stubs)}
  0x000001fc47ce73fc: 7405 e85d | d9af ff48 | 837d 1000 | 488d 4510 | 480f 4445 | 1048 8944 | 2440 4889 | 4c24 7048 
  0x000001fc47ce741c: 83f9 0048 | 8d44 2470 | 480f 4444 | 2470 4889 | 4424 3848 | 8974 2430 | 4889 7c24 | 284c 894c 
  0x000001fc47ce743c: 2458 4983 | f900 488d | 4424 5848 | 0f44 4424 | 5848 8944 | 2420 4c89 | 4424 5049 | 83f8 004c 
  0x000001fc47ce745c: 8d4c 2450 | 4c0f 444c | 2450 4889 | 5424 4848 | 83fa 004c | 8d44 2448 | 4c0f 4444 

  0x000001fc47ce7478: ;   {oop(a 'java/lang/Class'{0x000000008ab8ab48} = 'java/lang/ClassLoader')}
  0x000001fc47ce7478: 2448 49be | 48ab b88a | 0000 0000 | 4c89 7424 | 784c 8d74 | 2478 498b | d6c5 f877 

  0x000001fc47ce7494: ;   {internal_word}
  0x000001fc47ce7494: 49ba 9174 | ce47 fc01 | 0000 4d89 | 97a8 0300 | 0049 89a7 | a003 0000 

  0x000001fc47ce74ac: ;   {external_word}
  0x000001fc47ce74ac: 49ba a318 | 1242 f87f | 0000 4180 | 3a00 0f84 | 4e00 0000 | 5241 5041 

  0x000001fc47ce74c4: ;   {metadata({method} {0x000001fc514396f0} 'defineClass1' '(Ljava/lang/ClassLoader;Ljava/lang/String;[BIILjava/security/ProtectionDomain;Ljava/lang/String;)Ljava/lang/Class;' in 'java/lang/ClassLoader')}
  0x000001fc47ce74c4: 5148 bae8 | 9643 51fc | 0100 0049 | 8bcf 4883 | ec20 40f6 | c40f 0f84 | 1900 0000 | 4883 ec08 
  0x000001fc47ce74e4: ;   {runtime_call}
  0x000001fc47ce74e4: 48b8 1079 | c241 f87f | 0000 ffd0 | 4883 c408 | e90c 0000 

  0x000001fc47ce74f8: ;   {runtime_call}
  0x000001fc47ce74f8: 0048 b810 | 79c2 41f8 | 7f00 00ff | d048 83c4 | 2041 5941 | 585a 498d | 8fc0 0300 | 0041 c787 
  0x000001fc47ce7518: 4c04 0000 | 0400 0000 

  0x000001fc47ce7520: ;   {runtime_call}
  0x000001fc47ce7520: 48b8 d016 | b8ba f87f | 0000 ffd0 | c5f8 7741 | c787 4c04 | 0000 0500 | 0000 f083 | 4424 c000 
  0x000001fc47ce7540: 493b af50 | 0400 000f | 870e 0000 | 0041 83bf | 4804 0000 | 000f 842b | 0000 00c5 | f877 4889 
  0x000001fc47ce7560: 45f8 498b | cf4c 8be4 | 4883 ec20 | 4883 e4f0 

  0x000001fc47ce7570: ;   {runtime_call}
  0x000001fc47ce7570: 48b8 501b | 8e41 f87f | 0000 ffd0 | 498b e44d | 33e4 488b | 45f8 41c7 | 874c 0400 | 0008 0000 
  0x000001fc47ce7590: 0041 83bf | c804 0000 | 020f 84a3 

  0x000001fc47ce759c: ;   {external_word}
  0x000001fc47ce759c: 0200 0049 | baa3 1812 | 42f8 7f00 | 0041 803a | 000f 844c | 0000 0048 

  0x000001fc47ce75b4: ;   {metadata({method} {0x000001fc514396f0} 'defineClass1' '(Ljava/lang/ClassLoader;Ljava/lang/String;[BIILjava/security/ProtectionDomain;Ljava/lang/String;)Ljava/lang/Class;' in 'java/lang/ClassLoader')}
  0x000001fc47ce75b4: 8945 f848 | bae8 9643 | 51fc 0100 | 0049 8bcf | 4883 ec20 | 40f6 c40f | 0f84 1900 | 0000 4883 
  0x000001fc47ce75d4: ;   {runtime_call}
  0x000001fc47ce75d4: ec08 48b8 | 1079 c241 | f87f 0000 | ffd0 4883 | c408 e90c 

  0x000001fc47ce75e8: ;   {runtime_call}
  0x000001fc47ce75e8: 0000 0048 | b810 79c2 | 41f8 7f00 | 00ff d048 | 83c4 2048 | 8b45 f849 | c787 a003 | 0000 0000 
  0x000001fc47ce7608: 0000 49c7 | 87a8 0300 | 0000 0000 | 00c5 f877 | 4885 c00f | 84fe 0100 | 00a8 030f | 8508 0000 
  0x000001fc47ce7628: 0048 8b00 | e9ee 0100 | 00a8 010f | 8509 0000 | 0048 8b40 | fee9 dd01 | 0000 488b | 40ff 4180 
  0x000001fc47ce7648: 7f40 000f | 84ce 0100 | 0048 83f8 | 000f 84c4 | 0100 0049 | 8b4f 2848 | 83f9 000f | 8414 0000 
  0x000001fc47ce7668: 0048 83e9 | 0849 894f | 2849 034f | 3848 8901 | e9a2 0100 | 0048 81ec | d000 0000 | 4889 0424 
  0x000001fc47ce7688: 4889 4c24 | 0848 8954 | 2410 4889 | 7424 1848 | 897c 2420 | 4c89 4424 | 284c 894c | 2430 4c89 
  0x000001fc47ce76a8: 5424 384c | 895c 2440 | c5fb 1144 | 2450 c5fb | 114c 2458 | c5fb 1154 | 2460 c5fb | 115c 2468 
  0x000001fc47ce76c8: c5fb 1164 | 2470 c5fb | 116c 2478 | c5fb 11b4 | 2480 0000 | 00c5 fb11 | bc24 8800 | 0000 c57b 
  0x000001fc47ce76e8: ;   {no_reloc}
  0x000001fc47ce76e8: 1184 2490 | 0000 00c5 | 7b11 8c24 | 9800 0000 | c57b 1194 | 24a0 0000 | 00c5 7b11 | 9c24 a800 
  0x000001fc47ce7708: 0000 c57b | 11a4 24b0 | 0000 00c5 | 7b11 ac24 | b800 0000 | c57b 11b4 | 24c0 0000 | 00c5 7b11 
  0x000001fc47ce7728: bc24 c800 | 0000 498b | d748 8bc8 | 4883 ec20 | 40f6 c40f | 0f84 1900 | 0000 4883 

  0x000001fc47ce7744: ;   {runtime_call}
  0x000001fc47ce7744: ec08 48b8 | 206b 8141 | f87f 0000 | ffd0 4883 | c408 e90c 

  0x000001fc47ce7758: ;   {runtime_call}
  0x000001fc47ce7758: 0000 0048 | b820 6b81 | 41f8 7f00 | 00ff d048 | 83c4 20c5 | 7b10 bc24 | c800 0000 | c57b 10b4 
  0x000001fc47ce7778: 24c0 0000 | 00c5 7b10 | ac24 b800 | 0000 c57b | 10a4 24b0 | 0000 00c5 | 7b10 9c24 | a800 0000 
  0x000001fc47ce7798: c57b 1094 | 24a0 0000 | 00c5 7b10 | 8c24 9800 | 0000 c57b | 1084 2490 | 0000 00c5 | fb10 bc24 
  0x000001fc47ce77b8: 8800 0000 | c5fb 10b4 | 2480 0000 | 00c5 fb10 | 6c24 78c5 | fb10 6424 | 70c5 fb10 | 5c24 68c5 
  0x000001fc47ce77d8: fb10 5424 | 60c5 fb10 | 4c24 58c5 | fb10 4424 | 504c 8b5c | 2440 4c8b | 5424 384c | 8b4c 2430 
  0x000001fc47ce77f8: 4c8b 4424 | 2848 8b7c | 2420 488b | 7424 1848 | 8b54 2410 | 488b 4c24 | 0848 8b04 | 2448 81c4 
  0x000001fc47ce7818: d000 0000 | c5f8 7749 | 8b8f 3004 | 0000 c781 | 0001 0000 | 0000 0000 | c949 837f | 0800 0f85 
  0x000001fc47ce7838: 0100 0000 

  0x000001fc47ce783c: ;   {runtime_call StubRoutines (initial stubs)}
  0x000001fc47ce783c: c3e9 be96 | acff c5f8 | 7748 8945 | f84c 8be4 | 4883 ec20 | 4883 e4f0 

  0x000001fc47ce7854: ;   {runtime_call}
  0x000001fc47ce7854: 48b8 70b0 | c241 f87f | 0000 ffd0 | 498b e44d | 33e4 488b | 45f8 e930 | fdff fff4 
[/MachCode]


Compiled method (c1)   12156 1557       1       java.lang.ClassLoader::defineClass (43 bytes)
 total in heap  [0x000001fc47d82990,0x000001fc47d83150] = 1984
 relocation     [0x000001fc47d82af0,0x000001fc47d82b60] = 112
 main code      [0x000001fc47d82b60,0x000001fc47d82d58] = 504
 stub code      [0x000001fc47d82d58,0x000001fc47d82dd0] = 120
 metadata       [0x000001fc47d82dd0,0x000001fc47d82e10] = 64
 scopes data    [0x000001fc47d82e10,0x000001fc47d82f60] = 336
 scopes pcs     [0x000001fc47d82f60,0x000001fc47d83110] = 432
 dependencies   [0x000001fc47d83110,0x000001fc47d83128] = 24
 nul chk table  [0x000001fc47d83128,0x000001fc47d83150] = 40

[Constant Pool (empty)]

[MachCode]
[Entry Point]
  # {method} {0x000001fc51439a70} 'defineClass' '(Ljava/lang/String;[BIILjava/security/ProtectionDomain;)Ljava/lang/Class;' in 'java/lang/ClassLoader'
  # this:     rdx:rdx   = 'java/lang/ClassLoader'
  # parm0:    r8:r8     = 'java/lang/String'
  # parm1:    r9:r9     = '[B'
  # parm2:    rdi       = int
  # parm3:    rsi       = int
  # parm4:    rcx:rcx   = 'java/security/ProtectionDomain'
  #           [sp+0xe0]  (sp of caller)
  0x000001fc47d82b60: 448b 5208 | 49bb 0000 | 0051 fc01 | 0000 4d03 | d34c 3bd0 

  0x000001fc47d82b74: ;   {runtime_call ic_miss_stub}
  0x000001fc47d82b74: 0f85 06bc | a7ff 660f | 1f44 0000 
[Verified Entry Point]
  0x000001fc47d82b80: 8984 2400 | 80ff ff55 | 4881 ecd0 | 0000 0090 | 4181 7f20 | 0900 0000 

  0x000001fc47d82b98: ;   {runtime_call StubRoutines (final stubs)}
  0x000001fc47d82b98: 7405 e8c1 

  0x000001fc47d82b9c: ;*aload_0 {reexecute=0 rethrow=0 return_oop=0}
                      ; - java.lang.ClassLoader::defineClass@0 (line 1025)
  0x000001fc47d82b9c: 21a6 ff48 | 8954 2478 | 4c89 8424 | 8000 0000 | 4c89 8c24 | 8800 0000 | 89bc 2490 | 0000 0089 
  0x000001fc47d82bbc: b424 9400 | 0000 498b | d84c 8bc3 | 4c8b c94c | 8bda 498b 

  0x000001fc47d82bd0: ;*invokevirtual preDefineClass {reexecute=0 rethrow=0 return_oop=0}
                      ; - java.lang.ClassLoader::defineClass@4 (line 1025)
  0x000001fc47d82bd0: d348 898c | 2498 0000 | 0066 0f1f 

  0x000001fc47d82bdc: ;   {optimized virtual_call}
  0x000001fc47d82bdc: 4400 00e8 

  0x000001fc47d82be0: ; ImmutableOopMap {[120]=Oop [128]=Oop [136]=Oop [152]=Oop }
                      ;*invokevirtual preDefineClass {reexecute=0 rethrow=0 return_oop=0}
                      ; - java.lang.ClassLoader::defineClass@4 (line 1025)
  0x000001fc47d82be0: 7c1b 0000 

  0x000001fc47d82be4: ;   {other}
  0x000001fc47d82be4: 0f1f 8400 

  0x000001fc47d82be8: ;*invokevirtual preDefineClass {reexecute=0 rethrow=0 return_oop=0}
                      ; - java.lang.ClassLoader::defineClass@4 (line 1025)
  0x000001fc47d82be8: 5402 0000 | 4889 8424 | a000 0000 

  0x000001fc47d82bf4: ; implicit exception: dispatches to 0x000001fc47d82d02
                      ;*getfield codesource {reexecute=0 rethrow=0 return_oop=0}
                      ; - java.security.ProtectionDomain::getCodeSource@1 (line 248)
                      ; - java.lang.ClassLoader::defineClassSourceLocation@1 (line 924)
                      ; - java.lang.ClassLoader::defineClass@12 (line 1026)
  0x000001fc47d82bf4: 8b70 1048 | 85f6 0f85 

  0x000001fc47d82bfc: ;*ifnull {reexecute=0 rethrow=0 return_oop=0}
                      ; - java.lang.ClassLoader::defineClassSourceLocation@8 (line 926)
                      ; - java.lang.ClassLoader::defineClass@12 (line 1026)
  0x000001fc47d82bfc: 0f00 0000 

  0x000001fc47d82c00: ;   {oop(nullptr)}
  0x000001fc47d82c00: 48bb 0000 | 0000 0000 | 0000 e950 

  0x000001fc47d82c0c: ;*aload_3 {reexecute=0 rethrow=0 return_oop=0}
                      ; - java.lang.ClassLoader::defineClassSourceLocation@26 (line 929)
                      ; - java.lang.ClassLoader::defineClass@12 (line 1026)
  0x000001fc47d82c0c: 0000 008b 

  0x000001fc47d82c10: ;*getfield location {reexecute=0 rethrow=0 return_oop=0}
                      ; - java.security.CodeSource::getLocation@1 (line 177)
                      ; - java.lang.ClassLoader::defineClassSourceLocation@12 (line 926)
                      ; - java.lang.ClassLoader::defineClass@12 (line 1026)
  0x000001fc47d82c10: 7e0c 4885 | ff0f 850f 

  0x000001fc47d82c18: ;*ifnull {reexecute=0 rethrow=0 return_oop=0}
                      ; - java.lang.ClassLoader::defineClassSourceLocation@15 (line 926)
                      ; - java.lang.ClassLoader::defineClass@12 (line 1026)
                      ;   {oop(nullptr)}
  0x000001fc47d82c18: 0000 0048 | bb00 0000 | 0000 0000 | 00e9 3500 

  0x000001fc47d82c28: ;*aload_3 {reexecute=0 rethrow=0 return_oop=0}
                      ; - java.lang.ClassLoader::defineClassSourceLocation@26 (line 929)
                      ; - java.lang.ClassLoader::defineClass@12 (line 1026)
  0x000001fc47d82c28: 0000 4889 | b424 a800 | 0000 8b57 

  0x000001fc47d82c34: ;*getfield handler {reexecute=0 rethrow=0 return_oop=0}
                      ; - java.net.URL::toExternalForm@1 (line 1203)
                      ; - java.net.URL::toString@1 (line 1189)
                      ; - java.lang.ClassLoader::defineClassSourceLocation@22 (line 927)
                      ; - java.lang.ClassLoader::defineClass@12 (line 1026)
  0x000001fc47d82c34: 3848 3b02 

  0x000001fc47d82c38: ;*invokevirtual toExternalForm {reexecute=0 rethrow=0 return_oop=0}
                      ; - java.net.URL::toExternalForm@5 (line 1203)
                      ; - java.net.URL::toString@1 (line 1189)
                      ; - java.lang.ClassLoader::defineClassSourceLocation@22 (line 927)
                      ; - java.lang.ClassLoader::defineClass@12 (line 1026)
  0x000001fc47d82c38: 4c8b c748 | 89bc 24b0 | 0000 000f 

  0x000001fc47d82c44: ;   {optimized virtual_call}
  0x000001fc47d82c44: 1f40 00e8 

  0x000001fc47d82c48: ; ImmutableOopMap {[120]=Oop [128]=Oop [136]=Oop [160]=Oop [168]=Oop [176]=Oop }
                      ;*invokevirtual toExternalForm {reexecute=0 rethrow=0 return_oop=0}
                      ; - java.net.URL::toExternalForm@5 (line 1203)
                      ; - java.net.URL::toString@1 (line 1189)
                      ; - java.lang.ClassLoader::defineClassSourceLocation@22 (line 927)
                      ; - java.lang.ClassLoader::defineClass@12 (line 1026)
  0x000001fc47d82c48: 346d f8ff 

  0x000001fc47d82c4c: ;   {other}
  0x000001fc47d82c4c: 0f1f 8400 

  0x000001fc47d82c50: ;*invokevirtual toExternalForm {reexecute=0 rethrow=0 return_oop=0}
                      ; - java.net.URL::toExternalForm@5 (line 1203)
                      ; - java.net.URL::toString@1 (line 1189)
                      ; - java.lang.ClassLoader::defineClassSourceLocation@22 (line 927)
                      ; - java.lang.ClassLoader::defineClass@12 (line 1026)
  0x000001fc47d82c50: bc02 0001 

  0x000001fc47d82c54: ;*aload_3 {reexecute=0 rethrow=0 return_oop=0}
                      ; - java.lang.ClassLoader::defineClassSourceLocation@26 (line 929)
                      ; - java.lang.ClassLoader::defineClass@12 (line 1026)
  0x000001fc47d82c54: 488b d848 | 8b84 24a0 | 0000 008b | bc24 9000 | 0000 4c8b | 8c24 8800 | 0000 4c8b | 8424 8000 
  0x000001fc47d82c74: 0000 488b | 5424 784c | 8bda 498b | d34d 8be8 | 4d8b c54d | 8bf1 4d8b | ce48 8bcf | 488b f98b 
  0x000001fc47d82c94: b424 9400 | 0000 488b | c848 891c 

  0x000001fc47d82ca0: ;*invokestatic defineClass1 {reexecute=0 rethrow=0 return_oop=0}
                      ; - java.lang.ClassLoader::defineClass@27 (line 1027)
  0x000001fc47d82ca0: 2448 899c | 24b8 0000 | 0066 0f1f 

  0x000001fc47d82cac: ;   {static_call}
  0x000001fc47d82cac: 4400 00e8 

  0x000001fc47d82cb0: ; ImmutableOopMap {[120]=Oop [128]=Oop [136]=Oop [160]=Oop [184]=Oop }
                      ;*invokestatic defineClass1 {reexecute=0 rethrow=0 return_oop=0}
                      ; - java.lang.ClassLoader::defineClass@27 (line 1027)
  0x000001fc47d82cb0: 2c47 f6ff 

  0x000001fc47d82cb4: ;   {other}
  0x000001fc47d82cb4: 0f1f 8400 

  0x000001fc47d82cb8: ;*invokestatic defineClass1 {reexecute=0 rethrow=0 return_oop=0}
                      ; - java.lang.ClassLoader::defineClass@27 (line 1027)
  0x000001fc47d82cb8: 2403 0002 | 4c8b c04c | 8b8c 24a0 | 0000 0048 

  0x000001fc47d82cc8: ;*invokevirtual postDefineClass {reexecute=0 rethrow=0 return_oop=0}
                      ; - java.lang.ClassLoader::defineClass@37 (line 1028)
  0x000001fc47d82cc8: 8b54 2478 | 4889 8424 | c000 0000 

  0x000001fc47d82cd4: ;   {optimized virtual_call}
  0x000001fc47d82cd4: 6666 90e8 

  0x000001fc47d82cd8: ; ImmutableOopMap {[120]=Oop [128]=Oop [136]=Oop [160]=Oop [184]=Oop [192]=Oop }
                      ;*invokevirtual postDefineClass {reexecute=0 rethrow=0 return_oop=0}
                      ; - java.lang.ClassLoader::defineClass@37 (line 1028)
  0x000001fc47d82cd8: 240c 0000 

  0x000001fc47d82cdc: ;   {other}
  0x000001fc47d82cdc: 0f1f 8400 

  0x000001fc47d82ce0: ;*invokevirtual postDefineClass {reexecute=0 rethrow=0 return_oop=0}
                      ; - java.lang.ClassLoader::defineClass@37 (line 1028)
  0x000001fc47d82ce0: 4c03 0003 | 488b 8424 | c000 0000 | 4881 c4d0 | 0000 005d 

  0x000001fc47d82cf4: ;   {poll_return}
  0x000001fc47d82cf4: 493b a750 | 0400 000f | 8715 0000 

  0x000001fc47d82d00: ;   {runtime_call throw_null_pointer_exception Runtime1 stub}
  0x000001fc47d82d00: 00c3 e8f9 

  0x000001fc47d82d04: ; ImmutableOopMap {rax=Oop [120]=Oop [128]=Oop [136]=Oop [160]=Oop }
                      ;*invokevirtual getCodeSource {reexecute=0 rethrow=0 return_oop=0}
                      ; - java.lang.ClassLoader::defineClassSourceLocation@1 (line 924)
                      ; - java.lang.ClassLoader::defineClass@12 (line 1026)
                      ;   {runtime_call throw_null_pointer_exception Runtime1 stub}
  0x000001fc47d82d04: e9b3 ffe8 

  0x000001fc47d82d08: ; ImmutableOopMap {rax=Oop rsi=Oop [120]=Oop [128]=Oop [136]=Oop [160]=Oop }
                      ;*invokevirtual getLocation {reexecute=0 rethrow=0 return_oop=0}
                      ; - java.lang.ClassLoader::defineClassSourceLocation@12 (line 926)
                      ; - java.lang.ClassLoader::defineClass@12 (line 1026)
  0x000001fc47d82d08: f4e9 b3ff 

  0x000001fc47d82d0c: ;   {runtime_call throw_null_pointer_exception Runtime1 stub}
  0x000001fc47d82d0c: e8ef e9b3 

  0x000001fc47d82d10: ; ImmutableOopMap {rdi=Oop [120]=Oop [128]=Oop [136]=Oop [160]=Oop [168]=Oop }
                      ;*invokevirtual toString {reexecute=0 rethrow=0 return_oop=0}
                      ; - java.lang.ClassLoader::defineClassSourceLocation@22 (line 927)
                      ; - java.lang.ClassLoader::defineClass@12 (line 1026)
                      ;   {runtime_call throw_null_pointer_exception Runtime1 stub}
  0x000001fc47d82d10: ffe8 eae9 

  0x000001fc47d82d14: ; ImmutableOopMap {rdi=Oop rdx=Oop [120]=Oop [128]=Oop [136]=Oop [160]=Oop [168]=Oop }
                      ;*invokevirtual toExternalForm {reexecute=0 rethrow=0 return_oop=0}
                      ; - java.net.URL::toExternalForm@5 (line 1203)
                      ; - java.net.URL::toString@1 (line 1189)
                      ; - java.lang.ClassLoader::defineClassSourceLocation@22 (line 927)
                      ; - java.lang.ClassLoader::defineClass@12 (line 1026)
                      ;   {internal_word}
  0x000001fc47d82d14: b3ff 49ba | f42c d847 | fc01 0000 | 4d89 9768 

  0x000001fc47d82d24: ;   {runtime_call SafepointBlob}
  0x000001fc47d82d24: 0400 00e9 | d429 a8ff | 498b 8700 | 0500 0049 | c787 0005 | 0000 0000 | 0000 49c7 | 8708 0500 
  0x000001fc47d82d44: 0000 0000 | 0048 81c4 | d000 0000 

  0x000001fc47d82d50: ;   {runtime_call unwind_exception Runtime1 stub}
  0x000001fc47d82d50: 5de9 aad1 | b3ff f4f4 
[Stub Code]
  0x000001fc47d82d58: ;   {no_reloc}
  0x000001fc47d82d58: 0f1f 4400 

  0x000001fc47d82d5c: ;   {static_stub}
  0x000001fc47d82d5c: 0048 bb00 | 0000 0000 

  0x000001fc47d82d64: ;   {runtime_call}
  0x000001fc47d82d64: 0000 00e9 | fbff ffff 

  0x000001fc47d82d6c: ;   {static_stub}
  0x000001fc47d82d6c: 48bb 0000 | 0000 0000 

  0x000001fc47d82d74: ;   {runtime_call}
  0x000001fc47d82d74: 0000 e9fb 

  0x000001fc47d82d78: ;   {static_stub}
  0x000001fc47d82d78: ffff ff48 | bb00 0000 | 0000 0000 

  0x000001fc47d82d84: ;   {runtime_call}
  0x000001fc47d82d84: 00e9 fbff 

  0x000001fc47d82d88: ;   {static_stub}
  0x000001fc47d82d88: ffff 48bb | 0000 0000 | 0000 0000 

  0x000001fc47d82d94: ;   {runtime_call}
  0x000001fc47d82d94: e9fb ffff 

  0x000001fc47d82d98: ;   {runtime_call handle_exception_from_callee Runtime1 stub}
  0x000001fc47d82d98: ffe8 621a 

  0x000001fc47d82d9c: ;   {external_word}
  0x000001fc47d82d9c: b4ff 48b9 | 10f9 e941 | f87f 0000 | 4883 e4f0 

  0x000001fc47d82dac: ;   {runtime_call}
  0x000001fc47d82dac: 48b8 4088 | b141 f87f | 0000 ffd0 

  0x000001fc47d82db8: ;   {section_word}
  0x000001fc47d82db8: f449 bab9 | 2dd8 47fc | 0100 0041 

  0x000001fc47d82dc4: ;   {runtime_call DeoptimizationBlob}
  0x000001fc47d82dc4: 52e9 d61b | a8ff f4f4 | f4f4 f4f4 
[/MachCode]


Compiled method (c1)   12162 1447       1       jdk.internal.loader.BuiltinClassLoader::defineClass (121 bytes)
 total in heap  [0x000001fc47d46f90,0x000001fc47d48500] = 5488
 relocation     [0x000001fc47d470f0,0x000001fc47d47240] = 336
 main code      [0x000001fc47d47240,0x000001fc47d47978] = 1848
 stub code      [0x000001fc47d47978,0x000001fc47d47a98] = 288
 metadata       [0x000001fc47d47a98,0x000001fc47d47af0] = 88
 scopes data    [0x000001fc47d47af0,0x000001fc47d47f58] = 1128
 scopes pcs     [0x000001fc47d47f58,0x000001fc47d484a8] = 1360
 dependencies   [0x000001fc47d484a8,0x000001fc47d484c8] = 32
 handler table  [0x000001fc47d484c8,0x000001fc47d484e0] = 24
 nul chk table  [0x000001fc47d484e0,0x000001fc47d48500] = 32

[Constant Pool (empty)]

[MachCode]
[Entry Point]
  # {method} {0x000001fc51069cd0} 'defineClass' '(Ljava/lang/String;Ljdk/internal/loader/Resource;)Ljava/lang/Class;' in 'jdk/internal/loader/BuiltinClassLoader'
  # this:     rdx:rdx   = 'jdk/internal/loader/BuiltinClassLoader'
  # parm0:    r8:r8     = 'java/lang/String'
  # parm1:    r9:r9     = 'jdk/internal/loader/Resource'
  #           [sp+0x130]  (sp of caller)
  0x000001fc47d47240: 448b 5208 | 49bb 0000 | 0051 fc01 | 0000 4d03 | d34c 3bd0 

  0x000001fc47d47254: ;   {runtime_call ic_miss_stub}
  0x000001fc47d47254: 0f85 2675 | abff 660f | 1f44 0000 
[Verified Entry Point]
  0x000001fc47d47260: 8984 2400 | 80ff ff55 | 4881 ec20 | 0100 0090 | 4181 7f20 | 0900 0000 

  0x000001fc47d47278: ;   {runtime_call StubRoutines (final stubs)}
  0x000001fc47d47278: 7405 e8e1 

  0x000001fc47d4727c: ;*aload_2 {reexecute=0 rethrow=0 return_oop=0}
                      ; - jdk.internal.loader.BuiltinClassLoader::defineClass@0 (line 842)
  0x000001fc47d4727c: daa9 ff4c | 8984 2490 | 0000 004c | 898c 2498 | 0000 0048 | 8994 24a0 | 0000 0049 

  0x000001fc47d47298: ;*invokevirtual getCodeSourceURL {reexecute=0 rethrow=0 return_oop=0}
                      ; - jdk.internal.loader.BuiltinClassLoader::defineClass@1 (line 842)
  0x000001fc47d47298: 8bd1 6666 | 9048 b8ff | ffff ffff 

  0x000001fc47d472a4: ;   {virtual_call}
  0x000001fc47d472a4: ffff ffe8 

  0x000001fc47d472a8: ; ImmutableOopMap {[144]=Oop [152]=Oop [160]=Oop }
                      ;*invokevirtual getCodeSourceURL {reexecute=0 rethrow=0 return_oop=0}
                      ; - jdk.internal.loader.BuiltinClassLoader::defineClass@1 (line 842)
  0x000001fc47d472a8: b474 b8ff 

  0x000001fc47d472ac: ;   {other}
  0x000001fc47d472ac: 0f1f 8400 

  0x000001fc47d472b0: ;*invokevirtual getCodeSourceURL {reexecute=0 rethrow=0 return_oop=0}
                      ; - jdk.internal.loader.BuiltinClassLoader::defineClass@1 (line 842)
  0x000001fc47d472b0: 1c03 0000 | 4c8b 8424 | 9000 0000 

  0x000001fc47d472bc: ; implicit exception: dispatches to 0x000001fc47d4785d
                      ;*getfield value {reexecute=0 rethrow=0 return_oop=0}
                      ; - java.lang.String::length@1 (line 1508)
                      ; - java.lang.String::lastIndexOf@3 (line 2524)
                      ; - jdk.internal.loader.BuiltinClassLoader::defineClass@8 (line 845)
  0x000001fc47d472bc: 418b 7014 

  0x000001fc47d472c0: ; implicit exception: dispatches to 0x000001fc47d47862
                      ;*arraylength {reexecute=0 rethrow=0 return_oop=0}
                      ; - java.lang.String::length@4 (line 1508)
                      ; - java.lang.String::lastIndexOf@3 (line 2524)
                      ; - jdk.internal.loader.BuiltinClassLoader::defineClass@8 (line 845)
  0x000001fc47d472c0: 8b56 0c45 

  0x000001fc47d472c4: ;*getfield coder {reexecute=0 rethrow=0 return_oop=0}
                      ; - java.lang.String::coder@7 (line 4797)
                      ; - java.lang.String::length@6 (line 1508)
                      ; - java.lang.String::lastIndexOf@3 (line 2524)
                      ; - jdk.internal.loader.BuiltinClassLoader::defineClass@8 (line 845)
  0x000001fc47d472c4: 0fbe 4810 | 498b c9c1 | e118 c1f9 | 18d3 faff | ca89 9424 | a800 0000 | 4585 c941 | b900 0000 
  0x000001fc47d472e4: 0075 0641 | b901 0000 | 0041 83e1 

  0x000001fc47d472f0: ;*ifeq {reexecute=0 rethrow=0 return_oop=0}
                      ; - java.lang.String::lastIndexOf@4 (line 2562)
                      ; - java.lang.String::lastIndexOf@8 (line 2524)
                      ; - jdk.internal.loader.BuiltinClassLoader::defineClass@8 (line 845)
  0x000001fc47d472f0: 0145 85c9 | 4889 8424 | b000 0000 | 488b fa48 | 8bd6 41b8 | 2e00 0000 

  0x000001fc47d47308: ;*invokestatic lastIndexOf {reexecute=0 rethrow=0 return_oop=0}
                      ; - java.lang.String::lastIndexOf@25 (line 2563)
                      ; - java.lang.String::lastIndexOf@8 (line 2524)
                      ; - jdk.internal.loader.BuiltinClassLoader::defineClass@8 (line 845)
  0x000001fc47d47308: 4c8b cf0f | 8418 0000 

  0x000001fc47d47310: ;*ifeq {reexecute=0 rethrow=0 return_oop=0}
                      ; - java.lang.String::lastIndexOf@4 (line 2562)
                      ; - java.lang.String::lastIndexOf@8 (line 2524)
                      ; - jdk.internal.loader.BuiltinClassLoader::defineClass@8 (line 845)
  0x000001fc47d47310: 0066 0f1f 

  0x000001fc47d47314: ;   {static_call}
  0x000001fc47d47314: 4400 00e8 

  0x000001fc47d47318: ; ImmutableOopMap {[144]=Oop [152]=Oop [160]=Oop [176]=Oop }
                      ;*invokestatic lastIndexOf {reexecute=0 rethrow=0 return_oop=0}
                      ; - java.lang.String::lastIndexOf@13 (line 2562)
                      ; - java.lang.String::lastIndexOf@8 (line 2524)
                      ; - jdk.internal.loader.BuiltinClassLoader::defineClass@8 (line 845)
  0x000001fc47d47318: a491 b9ff 

  0x000001fc47d4731c: ;   {other}
  0x000001fc47d4731c: 0f1f 8400 

  0x000001fc47d47320: ;*invokestatic lastIndexOf {reexecute=0 rethrow=0 return_oop=0}
                      ; - java.lang.String::lastIndexOf@13 (line 2562)
                      ; - java.lang.String::lastIndexOf@8 (line 2524)
                      ; - jdk.internal.loader.BuiltinClassLoader::defineClass@8 (line 845)
  0x000001fc47d47320: 8c03 0001 | e913 0000 

  0x000001fc47d47328: ;*goto {reexecute=0 rethrow=0 return_oop=0}
                      ; - java.lang.String::lastIndexOf@16 (line 2562)
                      ; - java.lang.String::lastIndexOf@8 (line 2524)
                      ; - jdk.internal.loader.BuiltinClassLoader::defineClass@8 (line 845)
  0x000001fc47d47328: 0066 0f1f 

  0x000001fc47d4732c: ;   {static_call}
  0x000001fc47d4732c: 4400 00e8 

  0x000001fc47d47330: ; ImmutableOopMap {[144]=Oop [152]=Oop [160]=Oop [176]=Oop }
                      ;*invokestatic lastIndexOf {reexecute=0 rethrow=0 return_oop=0}
                      ; - java.lang.String::lastIndexOf@25 (line 2563)
                      ; - java.lang.String::lastIndexOf@8 (line 2524)
                      ; - jdk.internal.loader.BuiltinClassLoader::defineClass@8 (line 845)
  0x000001fc47d47330: 4c7d abff 

  0x000001fc47d47334: ;   {other}
  0x000001fc47d47334: 0f1f 8400 

  0x000001fc47d47338: ;*invokestatic lastIndexOf {reexecute=0 rethrow=0 return_oop=0}
                      ; - java.lang.String::lastIndexOf@25 (line 2563)
                      ; - java.lang.String::lastIndexOf@8 (line 2524)
                      ; - jdk.internal.loader.BuiltinClassLoader::defineClass@8 (line 845)
  0x000001fc47d47338: a403 0002 | 83f8 ff0f | 850c 0000 

  0x000001fc47d47344: ;*if_icmpeq {reexecute=0 rethrow=0 return_oop=0}
                      ; - jdk.internal.loader.BuiltinClassLoader::defineClass@16 (line 846)
  0x000001fc47d47344: 0089 8424 | ac00 0000 | e993 0000 

  0x000001fc47d47350: ;*aload_2 {reexecute=0 rethrow=0 return_oop=0}
                      ; - jdk.internal.loader.BuiltinClassLoader::defineClass@44 (line 853)
  0x000001fc47d47350: 0041 b800 | 0000 004c | 8bc8 488b | 9424 9000 

  0x000001fc47d47360: ;*invokevirtual substring {reexecute=0 rethrow=0 return_oop=0}
                      ; - jdk.internal.loader.BuiltinClassLoader::defineClass@23 (line 847)
  0x000001fc47d47360: 0000 8984 | 24ac 0000 | 0066 0f1f 

  0x000001fc47d4736c: ;   {optimized virtual_call}
  0x000001fc47d4736c: 4400 00e8 

  0x000001fc47d47370: ; ImmutableOopMap {[144]=Oop [152]=Oop [160]=Oop [176]=Oop }
                      ;*invokevirtual substring {reexecute=0 rethrow=0 return_oop=0}
                      ; - jdk.internal.loader.BuiltinClassLoader::defineClass@23 (line 847)
  0x000001fc47d47370: ac00 c6ff 

  0x000001fc47d47374: ;   {other}
  0x000001fc47d47374: 0f1f 8400 

  0x000001fc47d47378: ;*invokevirtual substring {reexecute=0 rethrow=0 return_oop=0}
                      ; - jdk.internal.loader.BuiltinClassLoader::defineClass@23 (line 847)
  0x000001fc47d47378: e403 0003 | 488b 9424 

  0x000001fc47d47380: ;*invokevirtual getManifest {reexecute=0 rethrow=0 return_oop=0}
                      ; - jdk.internal.loader.BuiltinClassLoader::defineClass@29 (line 848)
  0x000001fc47d47380: 9800 0000 | 4889 8424 | b800 0000 | 9048 b8ff | ffff ffff 

  0x000001fc47d47394: ;   {virtual_call}
  0x000001fc47d47394: ffff ffe8 

  0x000001fc47d47398: ; ImmutableOopMap {[144]=Oop [152]=Oop [160]=Oop [176]=Oop [184]=Oop }
                      ;*invokevirtual getManifest {reexecute=0 rethrow=0 return_oop=0}
                      ; - jdk.internal.loader.BuiltinClassLoader::defineClass@29 (line 848)
  0x000001fc47d47398: b4aa 0a00 

  0x000001fc47d4739c: ;   {other}
  0x000001fc47d4739c: 0f1f 8400 

  0x000001fc47d473a0: ;*invokevirtual getManifest {reexecute=0 rethrow=0 return_oop=0}
                      ; - jdk.internal.loader.BuiltinClassLoader::defineClass@29 (line 848)
  0x000001fc47d473a0: 0c04 0004 | 4c8b 8424 | b800 0000 | 4c8b c848 | 8bbc 24b0 | 0000 0048 | 8b94 24a0 

  0x000001fc47d473bc: ;*invokevirtual defineOrCheckPackage {reexecute=0 rethrow=0 return_oop=0}
                      ; - jdk.internal.loader.BuiltinClassLoader::defineClass@40 (line 849)
  0x000001fc47d473bc: 0000 0048 | 8984 24c0 | 0000 0066 | 0f1f 4400 | 0048 b810 | a306 51fc 

  0x000001fc47d473d4: ;   {virtual_call}
  0x000001fc47d473d4: 0100 00e8 

  0x000001fc47d473d8: ; ImmutableOopMap {[144]=Oop [152]=Oop [160]=Oop [176]=Oop [184]=Oop [192]=Oop }
                      ;*invokevirtual defineOrCheckPackage {reexecute=0 rethrow=0 return_oop=0}
                      ; - jdk.internal.loader.BuiltinClassLoader::defineClass@40 (line 849)
  0x000001fc47d473d8: e4c5 ffff 

  0x000001fc47d473dc: ;   {other}
  0x000001fc47d473dc: 0f1f 8400 

  0x000001fc47d473e0: ;*invokevirtual defineOrCheckPackage {reexecute=0 rethrow=0 return_oop=0}
                      ; - jdk.internal.loader.BuiltinClassLoader::defineClass@40 (line 849)
  0x000001fc47d473e0: 4c04 0005 | 4c8b 8c24 | 9800 0000 | 488d 9424 | 0801 0000 | 4c89 4a08 | 498b 0148 | 83c8 0148 
  0x000001fc47d47400: 8902 f049 | 0fb1 110f | 8412 0000 | 0048 2bc4 | 4825 07f0 | ffff 4889 | 020f 8548 | 0400 0049 
  0x000001fc47d47420: ff87 5005 

  0x000001fc47d47424: ;*synchronization entry
                      ; - jdk.internal.loader.Resource::cachedInputStream@-1 (line 76)
                      ; - jdk.internal.loader.Resource::getByteBuffer@1 (line 163)
                      ; - jdk.internal.loader.BuiltinClassLoader::defineClass@45 (line 853)
  0x000001fc47d47424: 0000 418b 

  0x000001fc47d47428: ;*getfield cis {reexecute=0 rethrow=0 return_oop=0}
                      ; - jdk.internal.loader.Resource::cachedInputStream@1 (line 76)
                      ; - jdk.internal.loader.Resource::getByteBuffer@1 (line 163)
                      ; - jdk.internal.loader.BuiltinClassLoader::defineClass@45 (line 853)
  0x000001fc47d47428: 510c 4885 | d20f 8551 

  0x000001fc47d47430: ;*ifnonnull {reexecute=0 rethrow=0 return_oop=0}
                      ; - jdk.internal.loader.Resource::cachedInputStream@4 (line 76)
                      ; - jdk.internal.loader.Resource::getByteBuffer@1 (line 163)
                      ; - jdk.internal.loader.BuiltinClassLoader::defineClass@45 (line 853)
  0x000001fc47d47430: 0000 0049 

  0x000001fc47d47434: ;*invokevirtual getInputStream {reexecute=0 rethrow=0 return_oop=0}
                      ; - jdk.internal.loader.Resource::cachedInputStream@9 (line 77)
                      ; - jdk.internal.loader.Resource::getByteBuffer@1 (line 163)
                      ; - jdk.internal.loader.BuiltinClassLoader::defineClass@45 (line 853)
  0x000001fc47d47434: 8bd1 0f1f | 8000 0000 | 0048 b8ff | ffff ffff 

  0x000001fc47d47444: ;   {virtual_call}
  0x000001fc47d47444: ffff ffe8 

  0x000001fc47d47448: ; ImmutableOopMap {[144]=Oop [152]=Oop [160]=Oop [176]=Oop [272]=Oop }
                      ;*invokevirtual getInputStream {reexecute=0 rethrow=0 return_oop=0}
                      ; - jdk.internal.loader.Resource::cachedInputStream@9 (line 77)
                      ; - jdk.internal.loader.Resource::getByteBuffer@1 (line 163)
                      ; - jdk.internal.loader.BuiltinClassLoader::defineClass@45 (line 853)
  0x000001fc47d47448: 246e b8ff 

  0x000001fc47d4744c: ;   {other}
  0x000001fc47d4744c: 0f1f 8400 

  0x000001fc47d47450: ;*invokevirtual getInputStream {reexecute=0 rethrow=0 return_oop=0}
                      ; - jdk.internal.loader.Resource::cachedInputStream@9 (line 77)
                      ; - jdk.internal.loader.Resource::getByteBuffer@1 (line 163)
                      ; - jdk.internal.loader.BuiltinClassLoader::defineClass@45 (line 853)
  0x000001fc47d47450: bc04 0006 | 410f be57 | 4085 d24c | 8b8c 2498 | 0000 000f | 8511 0400 | 004c 8bd0 | 4589 510c 
  0x000001fc47d47470: 498b d148 | 33d0 48c1 | ea14 4883 | fa00 0f85 

  0x000001fc47d47480: ;*putfield cis {reexecute=0 rethrow=0 return_oop=0}
                      ; - jdk.internal.loader.Resource::cachedInputStream@12 (line 77)
                      ; - jdk.internal.loader.Resource::getByteBuffer@1 (line 163)
                      ; - jdk.internal.loader.BuiltinClassLoader::defineClass@45 (line 853)
  0x000001fc47d47480: 1204 0000 

  0x000001fc47d47484: ;*getfield cis {reexecute=0 rethrow=0 return_oop=0}
                      ; - jdk.internal.loader.Resource::cachedInputStream@16 (line 79)
                      ; - jdk.internal.loader.Resource::getByteBuffer@1 (line 163)
                      ; - jdk.internal.loader.BuiltinClassLoader::defineClass@45 (line 853)
  0x000001fc47d47484: 418b 710c | 488d 8424 | 0801 0000 | 488b 1048 | 85d2 0f84 | 0f00 0000 | 488b 7808 | f048 0fb1 
  0x000001fc47d474a4: 170f 8503 | 0400 0049 | ff8f 5005 

  0x000001fc47d474b0: ;*synchronization entry
                      ; - jdk.internal.loader.Resource::cachedInputStream@-1 (line 76)
                      ; - jdk.internal.loader.Resource::getByteBuffer@1 (line 163)
                      ; - jdk.internal.loader.BuiltinClassLoader::defineClass@45 (line 853)
  0x000001fc47d474b0: 0000 4885 | f60f 8443 

  0x000001fc47d474b8: ;   {metadata('sun/nio/ByteBuffered')}
  0x000001fc47d474b8: 0000 0048 | b820 c00f | 52fc 0100 | 008b 5e08 | 49ba 0000 | 0051 fc01 | 0000 4903 | da48 3b43 
  0x000001fc47d474d8: 200f 8424 | 0000 0048 | 3bd8 0f84 | 1b00 0000 

  0x000001fc47d474e8: ;   {runtime_call slow_subtype_check Runtime1 stub}
  0x000001fc47d474e8: 5350 e891 | e3b7 ff5b | 5b85 db0f | 8405 0000 | 00e9 0500 | 0000 4833 | d2eb 0a48 | ba01 0000 
  0x000001fc47d47508: 0000 0000 

  0x000001fc47d4750c: ;*instanceof {reexecute=0 rethrow=0 return_oop=0}
                      ; - jdk.internal.loader.Resource::getByteBuffer@6 (line 164)
                      ; - jdk.internal.loader.BuiltinClassLoader::defineClass@45 (line 853)
  0x000001fc47d4750c: 0085 d20f | 8474 0000 

  0x000001fc47d47514: ;*ifeq {reexecute=0 rethrow=0 return_oop=0}
                      ; - jdk.internal.loader.Resource::getByteBuffer@9 (line 164)
                      ; - jdk.internal.loader.BuiltinClassLoader::defineClass@45 (line 853)
  0x000001fc47d47514: 0048 85f6 | 0f84 4300 

  0x000001fc47d4751c: ;   {metadata('sun/nio/ByteBuffered')}
  0x000001fc47d4751c: 0000 48b8 | 20c0 0f52 | fc01 0000 | 8b5e 0849 | ba00 0000 | 51fc 0100 | 0049 03da | 483b 4320 
  0x000001fc47d4753c: 0f84 1f00 | 0000 483b | d80f 8416 | 0000 0053 

  0x000001fc47d4754c: ;   {runtime_call slow_subtype_check Runtime1 stub}
  0x000001fc47d4754c: 50e8 2ee3 | b7ff 5b5b | 85db 0f84 | 6803 0000 | e900 0000 

  0x000001fc47d47560: ;*checkcast {reexecute=0 rethrow=0 return_oop=0}
                      ; - jdk.internal.loader.Resource::getByteBuffer@13 (line 165)
                      ; - jdk.internal.loader.BuiltinClassLoader::defineClass@45 (line 853)
  0x000001fc47d47560: 0048 8bd6 | 4889 b424 | c800 0000 | 9048 b8ff | ffff ffff 

  0x000001fc47d47574: ;   {virtual_call}
  0x000001fc47d47574: ffff ffe8 

  0x000001fc47d47578: ; ImmutableOopMap {[144]=Oop [152]=Oop [160]=Oop [176]=Oop [200]=Oop }
                      ;*invokeinterface getByteBuffer {reexecute=0 rethrow=0 return_oop=0}
                      ; - jdk.internal.loader.Resource::getByteBuffer@16 (line 165)
                      ; - jdk.internal.loader.BuiltinClassLoader::defineClass@45 (line 853)
  0x000001fc47d47578: 0478 abff 

  0x000001fc47d4757c: ;   {other}
  0x000001fc47d4757c: 0f1f 8400 

  0x000001fc47d47580: ;*invokeinterface getByteBuffer {reexecute=0 rethrow=0 return_oop=0}
                      ; - jdk.internal.loader.Resource::getByteBuffer@16 (line 165)
                      ; - jdk.internal.loader.BuiltinClassLoader::defineClass@45 (line 853)
  0x000001fc47d47580: ec05 0007 | e90a 0000 

  0x000001fc47d47588: ;   {oop(nullptr)}
  0x000001fc47d47588: 0048 b800 | 0000 0000 

  0x000001fc47d47590: ;*astore {reexecute=0 rethrow=0 return_oop=0}
                      ; - jdk.internal.loader.BuiltinClassLoader::defineClass@48 (line 853)
  0x000001fc47d47590: 0000 0048 

  0x000001fc47d47594: ;*ifnull {reexecute=0 rethrow=0 return_oop=0}
                      ; - jdk.internal.loader.BuiltinClassLoader::defineClass@52 (line 854)
  0x000001fc47d47594: 85c0 4889 | 8424 d000 | 0000 488b | 9424 9800 

  0x000001fc47d475a4: ;*invokevirtual getBytes {reexecute=0 rethrow=0 return_oop=0}
                      ; - jdk.internal.loader.BuiltinClassLoader::defineClass@84 (line 859)
  0x000001fc47d475a4: 0000 0f84 

  0x000001fc47d475a8: ;*ifnull {reexecute=0 rethrow=0 return_oop=0}
                      ; - jdk.internal.loader.BuiltinClassLoader::defineClass@52 (line 854)
  0x000001fc47d475a8: fe00 0000 | 9048 b8ff | ffff ffff 

  0x000001fc47d475b4: ;   {virtual_call}
  0x000001fc47d475b4: ffff ffe8 

  0x000001fc47d475b8: ; ImmutableOopMap {[144]=Oop [152]=Oop [160]=Oop [176]=Oop [208]=Oop }
                      ;*invokevirtual getCodeSigners {reexecute=0 rethrow=0 return_oop=0}
                      ; - jdk.internal.loader.BuiltinClassLoader::defineClass@56 (line 855)
  0x000001fc47d475b8: c477 abff 

  0x000001fc47d475bc: ;   {other}
  0x000001fc47d475bc: 0f1f 8400 

  0x000001fc47d475c0: ;*invokevirtual getCodeSigners {reexecute=0 rethrow=0 return_oop=0}
                      ; - jdk.internal.loader.BuiltinClassLoader::defineClass@56 (line 855)
  0x000001fc47d475c0: 2c06 0008 

  0x000001fc47d475c4: ;   {metadata('java/security/CodeSource')}
  0x000001fc47d475c4: 48ba d85a | 0051 fc01 | 0000 488b | d849 8b87 | b801 0000 | 488d 7828 | 493b bfc8 | 0100 000f 
  0x000001fc47d475e4: 87e4 0200 | 0049 89bf | b801 0000 | 48c7 0001 | 0000 0048 | 8bca 49ba | 0000 0051 | fc01 0000 
  0x000001fc47d47604: 492b ca89 | 4808 4833 | c989 480c | 4833 c948 | 8948 1048 | 8948 1848 

  0x000001fc47d4761c: ;*new {reexecute=0 rethrow=0 return_oop=0}
                      ; - jdk.internal.loader.BuiltinClassLoader::defineClass@61 (line 856)
  0x000001fc47d4761c: 8948 204c | 8b84 24b0 | 0000 004c | 8bcb 488b 

  0x000001fc47d4762c: ;*invokespecial <init> {reexecute=0 rethrow=0 return_oop=0}
                      ; - jdk.internal.loader.BuiltinClassLoader::defineClass@68 (line 856)
  0x000001fc47d4762c: d048 899c | 24e0 0000 | 0048 8984 | 24d8 0000 

  0x000001fc47d4763c: ;   {optimized virtual_call}
  0x000001fc47d4763c: 0066 90e8 

  0x000001fc47d47640: ; ImmutableOopMap {[144]=Oop [152]=Oop [160]=Oop [176]=Oop [208]=Oop [216]=Oop [224]=Oop }
                      ;*invokespecial <init> {reexecute=0 rethrow=0 return_oop=0}
                      ; - jdk.internal.loader.BuiltinClassLoader::defineClass@68 (line 856)
  0x000001fc47d47640: 3c74 abff 

  0x000001fc47d47644: ;   {other}
  0x000001fc47d47644: 0f1f 8400 

  0x000001fc47d47648: ;*invokespecial <init> {reexecute=0 rethrow=0 return_oop=0}
                      ; - jdk.internal.loader.BuiltinClassLoader::defineClass@68 (line 856)
  0x000001fc47d47648: b406 0009 | 4c8b 8424 | d800 0000 | 488b 9424 

  0x000001fc47d47658: ;*invokevirtual getProtectionDomain {reexecute=0 rethrow=0 return_oop=0}
                      ; - java.security.SecureClassLoader::defineClass@5 (line 182)
                      ; - jdk.internal.loader.BuiltinClassLoader::defineClass@79 (line 857)
  0x000001fc47d47658: a000 0000 

  0x000001fc47d4765c: ;   {optimized virtual_call}
  0x000001fc47d4765c: 6666 90e8 

  0x000001fc47d47660: ; ImmutableOopMap {[144]=Oop [152]=Oop [160]=Oop [176]=Oop [208]=Oop [216]=Oop [224]=Oop }
                      ;*invokevirtual getProtectionDomain {reexecute=0 rethrow=0 return_oop=0}
                      ; - java.security.SecureClassLoader::defineClass@5 (line 182)
                      ; - jdk.internal.loader.BuiltinClassLoader::defineClass@79 (line 857)
  0x000001fc47d47660: 1c74 abff 

  0x000001fc47d47664: ;   {other}
  0x000001fc47d47664: 0f1f 8400 

  0x000001fc47d47668: ;*invokevirtual getProtectionDomain {reexecute=0 rethrow=0 return_oop=0}
                      ; - java.security.SecureClassLoader::defineClass@5 (line 182)
                      ; - jdk.internal.loader.BuiltinClassLoader::defineClass@79 (line 857)
  0x000001fc47d47668: d406 000a | 4c8b 8424 | 9000 0000 | 4c8b 8c24 | d000 0000 | 488b f848 | 8b94 24a0 

  0x000001fc47d47684: ;*invokevirtual defineClass {reexecute=0 rethrow=0 return_oop=0}
                      ; - java.security.SecureClassLoader::defineClass@8 (line 182)
                      ; - jdk.internal.loader.BuiltinClassLoader::defineClass@79 (line 857)
                      ;   {optimized virtual_call}
  0x000001fc47d47684: 0000 00e8 

  0x000001fc47d47688: ; ImmutableOopMap {[144]=Oop [152]=Oop [160]=Oop [176]=Oop [208]=Oop [216]=Oop [224]=Oop }
                      ;*invokevirtual defineClass {reexecute=0 rethrow=0 return_oop=0}
                      ; - java.security.SecureClassLoader::defineClass@8 (line 182)
                      ; - jdk.internal.loader.BuiltinClassLoader::defineClass@79 (line 857)
  0x000001fc47d47688: f473 abff 

  0x000001fc47d4768c: ;   {other}
  0x000001fc47d4768c: 0f1f 8400 

  0x000001fc47d47690: ;*invokevirtual defineClass {reexecute=0 rethrow=0 return_oop=0}
                      ; - java.security.SecureClassLoader::defineClass@8 (line 182)
                      ; - jdk.internal.loader.BuiltinClassLoader::defineClass@79 (line 857)
  0x000001fc47d47690: fc06 000b | 4881 c420 | 0100 005d 

  0x000001fc47d4769c: ;   {poll_return}
  0x000001fc47d4769c: 493b a750 | 0400 000f | 8731 0200 

  0x000001fc47d476a8: ;*areturn {reexecute=0 rethrow=0 return_oop=0}
                      ; - jdk.internal.loader.BuiltinClassLoader::defineClass@82 (line 857)
  0x000001fc47d476a8: 00c3 6666 | 9048 b8ff | ffff ffff 

  0x000001fc47d476b4: ;   {virtual_call}
  0x000001fc47d476b4: ffff ffe8 

  0x000001fc47d476b8: ; ImmutableOopMap {[144]=Oop [152]=Oop [160]=Oop [176]=Oop [208]=Oop }
                      ;*invokevirtual getBytes {reexecute=0 rethrow=0 return_oop=0}
                      ; - jdk.internal.loader.BuiltinClassLoader::defineClass@84 (line 859)
  0x000001fc47d476b8: cc6c b8ff 

  0x000001fc47d476bc: ;   {other}
  0x000001fc47d476bc: 0f1f 8400 

  0x000001fc47d476c0: ;*invokevirtual getBytes {reexecute=0 rethrow=0 return_oop=0}
                      ; - jdk.internal.loader.BuiltinClassLoader::defineClass@84 (line 859)
  0x000001fc47d476c0: 2c07 000c | 4889 8424 | e800 0000 | 488b 9424 

  0x000001fc47d476d0: ;*invokevirtual getCodeSigners {reexecute=0 rethrow=0 return_oop=0}
                      ; - jdk.internal.loader.BuiltinClassLoader::defineClass@90 (line 860)
  0x000001fc47d476d0: 9800 0000 | 9048 b8ff | ffff ffff 

  0x000001fc47d476dc: ;   {virtual_call}
  0x000001fc47d476dc: ffff ffe8 

  0x000001fc47d476e0: ; ImmutableOopMap {[144]=Oop [152]=Oop [160]=Oop [176]=Oop [208]=Oop [232]=Oop }
                      ;*invokevirtual getCodeSigners {reexecute=0 rethrow=0 return_oop=0}
                      ; - jdk.internal.loader.BuiltinClassLoader::defineClass@90 (line 860)
  0x000001fc47d476e0: d46c b8ff 

  0x000001fc47d476e4: ;   {other}
  0x000001fc47d476e4: 0f1f 8400 

  0x000001fc47d476e8: ;*invokevirtual getCodeSigners {reexecute=0 rethrow=0 return_oop=0}
                      ; - jdk.internal.loader.BuiltinClassLoader::defineClass@90 (line 860)
  0x000001fc47d476e8: 5407 000d 

  0x000001fc47d476ec: ;   {metadata('java/security/CodeSource')}
  0x000001fc47d476ec: 48ba d85a | 0051 fc01 | 0000 488b | d849 8b87 | b801 0000 | 488d 7828 | 493b bfc8 | 0100 000f 
  0x000001fc47d4770c: 87df 0100 | 0049 89bf | b801 0000 | 48c7 0001 | 0000 0048 | 8bca 49ba | 0000 0051 | fc01 0000 
  0x000001fc47d4772c: 492b ca89 | 4808 4833 | c989 480c | 4833 c948 | 8948 1048 | 8948 1848 

  0x000001fc47d47744: ;*new {reexecute=0 rethrow=0 return_oop=0}
                      ; - jdk.internal.loader.BuiltinClassLoader::defineClass@95 (line 861)
  0x000001fc47d47744: 8948 204c | 8b84 24b0 | 0000 004c | 8bcb 488b 

  0x000001fc47d47754: ;*invokespecial <init> {reexecute=0 rethrow=0 return_oop=0}
                      ; - jdk.internal.loader.BuiltinClassLoader::defineClass@102 (line 861)
  0x000001fc47d47754: d048 899c | 24f8 0000 | 0048 8984 | 24f0 0000 

  0x000001fc47d47764: ;   {optimized virtual_call}
  0x000001fc47d47764: 0066 90e8 

  0x000001fc47d47768: ; ImmutableOopMap {[144]=Oop [152]=Oop [160]=Oop [176]=Oop [208]=Oop [232]=Oop [240]=Oop [248]=Oop }
                      ;*invokespecial <init> {reexecute=0 rethrow=0 return_oop=0}
                      ; - jdk.internal.loader.BuiltinClassLoader::defineClass@102 (line 861)
  0x000001fc47d47768: 9475 0300 

  0x000001fc47d4776c: ;   {other}
  0x000001fc47d4776c: 0f1f 8400 

  0x000001fc47d47770: ;*invokespecial <init> {reexecute=0 rethrow=0 return_oop=0}
                      ; - jdk.internal.loader.BuiltinClassLoader::defineClass@102 (line 861)
  0x000001fc47d47770: dc07 000e | 488b 8424 | e800 0000 

  0x000001fc47d4777c: ; implicit exception: dispatches to 0x000001fc47d478fd
                      ;*arraylength {reexecute=0 rethrow=0 return_oop=0}
                      ; - jdk.internal.loader.BuiltinClassLoader::defineClass@114 (line 862)
  0x000001fc47d4777c: 8b70 0c4c | 8b84 24f0 | 0000 0048 | 8b94 24a0 

  0x000001fc47d4778c: ;*invokevirtual getProtectionDomain {reexecute=0 rethrow=0 return_oop=0}
                      ; - java.security.SecureClassLoader::defineClass@9 (line 150)
                      ; - jdk.internal.loader.BuiltinClassLoader::defineClass@117 (line 862)
  0x000001fc47d4778c: 0000 0089 | b424 0001 

  0x000001fc47d47794: ;   {optimized virtual_call}
  0x000001fc47d47794: 0000 90e8 

  0x000001fc47d47798: ; ImmutableOopMap {[144]=Oop [152]=Oop [160]=Oop [176]=Oop [208]=Oop [232]=Oop [240]=Oop [248]=Oop }
                      ;*invokevirtual getProtectionDomain {reexecute=0 rethrow=0 return_oop=0}
                      ; - java.security.SecureClassLoader::defineClass@9 (line 150)
                      ; - jdk.internal.loader.BuiltinClassLoader::defineClass@117 (line 862)
  0x000001fc47d47798: 6480 0300 

  0x000001fc47d4779c: ;   {other}
  0x000001fc47d4779c: 0f1f 8400 

  0x000001fc47d477a0: ;*invokevirtual getProtectionDomain {reexecute=0 rethrow=0 return_oop=0}
                      ; - java.security.SecureClassLoader::defineClass@9 (line 150)
                      ; - jdk.internal.loader.BuiltinClassLoader::defineClass@117 (line 862)
  0x000001fc47d477a0: 0c08 000f | 4c8b 8424 | 9000 0000 | 4c8b 8c24 | e800 0000 | bf00 0000 | 008b b424 | 0001 0000 
  0x000001fc47d477c0: 488b c848 | 8b94 24a0 

  0x000001fc47d477c8: ;*invokevirtual defineClass {reexecute=0 rethrow=0 return_oop=0}
                      ; - java.security.SecureClassLoader::defineClass@12 (line 150)
                      ; - jdk.internal.loader.BuiltinClassLoader::defineClass@117 (line 862)
  0x000001fc47d477c8: 0000 000f 

  0x000001fc47d477cc: ;   {optimized virtual_call}
  0x000001fc47d477cc: 1f40 00e8 

  0x000001fc47d477d0: ; ImmutableOopMap {[144]=Oop [152]=Oop [160]=Oop [176]=Oop [208]=Oop [232]=Oop [240]=Oop [248]=Oop }
                      ;*invokevirtual defineClass {reexecute=0 rethrow=0 return_oop=0}
                      ; - java.security.SecureClassLoader::defineClass@12 (line 150)
                      ; - jdk.internal.loader.BuiltinClassLoader::defineClass@117 (line 862)
  0x000001fc47d477d0: acb3 0300 

  0x000001fc47d477d4: ;   {other}
  0x000001fc47d477d4: 0f1f 8400 

  0x000001fc47d477d8: ;*invokevirtual defineClass {reexecute=0 rethrow=0 return_oop=0}
                      ; - java.security.SecureClassLoader::defineClass@12 (line 150)
                      ; - jdk.internal.loader.BuiltinClassLoader::defineClass@117 (line 862)
  0x000001fc47d477d8: 4408 0010 | 4881 c420 | 0100 005d 

  0x000001fc47d477e4: ;   {poll_return}
  0x000001fc47d477e4: 493b a750 | 0400 000f | 8711 0100 

  0x000001fc47d477f0: ;*areturn {reexecute=0 rethrow=0 return_oop=0}
                      ; - jdk.internal.loader.BuiltinClassLoader::defineClass@120 (line 862)
  0x000001fc47d477f0: 00c3 4c8b | 8c24 9800 | 0000 4c8b | 8424 9000 | 0000 498b | 8700 0500 | 004d 33d2 | 4d89 9700 
  0x000001fc47d47810: 0500 004d | 33d2 4d89 | 9708 0500 | 0048 8bd0 | 488d 8424 | 0801 0000 | 488b 0848 | 85c9 0f84 
  0x000001fc47d47830: 0f00 0000 | 4c8b 5808 | f049 0fb1 | 0b0f 85d5 | 0000 0049 | ff8f 5005 

  0x000001fc47d47848: ;*synchronization entry
                      ; - jdk.internal.loader.Resource::cachedInputStream@-1 (line 76)
                      ; - jdk.internal.loader.Resource::getByteBuffer@1 (line 163)
                      ; - jdk.internal.loader.BuiltinClassLoader::defineClass@45 (line 853)
  0x000001fc47d47848: 0000 488b 

  0x000001fc47d4784c: ; ImmutableOopMap {rbx=Oop rdi=Oop r9=Oop r8=Oop rax=Oop [144]=Oop [152]=Oop }
                      ;*invokevirtual cachedInputStream {reexecute=0 rethrow=0 return_oop=0}
                      ; - jdk.internal.loader.Resource::getByteBuffer@1 (line 163)
                      ; - jdk.internal.loader.BuiltinClassLoader::defineClass@45 (line 853)
                      ;   {section_word}
  0x000001fc47d4784c: c248 ba4d | 78d4 47fc 

  0x000001fc47d47854: ;   {runtime_call handle_exception_nofpu Runtime1 stub}
  0x000001fc47d47854: 0100 00e8 | a4bf b7ff 

  0x000001fc47d4785c: ;   {runtime_call throw_null_pointer_exception Runtime1 stub}
  0x000001fc47d4785c: 90e8 9e9e 

  0x000001fc47d47860: ; ImmutableOopMap {rax=Oop r8=Oop [144]=Oop [152]=Oop [160]=Oop }
                      ;*invokevirtual lastIndexOf {reexecute=0 rethrow=0 return_oop=0}
                      ; - jdk.internal.loader.BuiltinClassLoader::defineClass@8 (line 845)
                      ;   {runtime_call throw_null_pointer_exception Runtime1 stub}
  0x000001fc47d47860: b7ff e899 

  0x000001fc47d47864: ; ImmutableOopMap {rax=Oop r8=Oop rsi=Oop [144]=Oop [152]=Oop [160]=Oop }
                      ;*arraylength {reexecute=0 rethrow=0 return_oop=0}
                      ; - java.lang.String::length@4 (line 1508)
                      ; - java.lang.String::lastIndexOf@3 (line 2524)
                      ; - jdk.internal.loader.BuiltinClassLoader::defineClass@8 (line 845)
  0x000001fc47d47864: 9eb7 ff4c | 894c 2408 | 4889 1424 

  0x000001fc47d47870: ;   {runtime_call monitorenter_nofpu Runtime1 stub}
  0x000001fc47d47870: e80b e6b7 

  0x000001fc47d47874: ; ImmutableOopMap {r9=Oop [144]=Oop [152]=Oop [160]=Oop [176]=Oop [272]=Oop }
                      ;*synchronization entry
                      ; - jdk.internal.loader.Resource::cachedInputStream@-1 (line 76)
                      ; - jdk.internal.loader.Resource::getByteBuffer@1 (line 163)
                      ; - jdk.internal.loader.BuiltinClassLoader::defineClass@45 (line 853)
  0x000001fc47d47874: ffe9 acfb | ffff 418b | 510c 4883 | fa00 0f84 | e1fb ffff | 4889 1424 

  0x000001fc47d4788c: ;   {runtime_call g1_pre_barrier_slow}
  0x000001fc47d4788c: e86f 11b8 | ffe9 d3fb | ffff 4883 | f800 0f84 | e4fb ffff | 4c89 0c24 

  0x000001fc47d478a4: ;   {runtime_call g1_post_barrier_slow}
  0x000001fc47d478a4: e857 14b8 | ffe9 d6fb | ffff 488d | 8424 0801 | 0000 4889 

  0x000001fc47d478b8: ;   {runtime_call monitorexit_nofpu Runtime1 stub}
  0x000001fc47d478b8: 0424 e8c1 | ebb7 ffe9 | eefb ffff | 4889 3424 

  0x000001fc47d478c8: ;   {runtime_call throw_class_cast_exception Runtime1 stub}
  0x000001fc47d478c8: e8b3 d9b7 

  0x000001fc47d478cc: ; ImmutableOopMap {rsi=Oop [144]=Oop [152]=Oop [160]=Oop [176]=Oop }
                      ;*checkcast {reexecute=0 rethrow=0 return_oop=0}
                      ; - jdk.internal.loader.Resource::getByteBuffer@13 (line 165)
                      ; - jdk.internal.loader.BuiltinClassLoader::defineClass@45 (line 853)
  0x000001fc47d478cc: ff48 8bd2 

  0x000001fc47d478d0: ;   {runtime_call fast_new_instance Runtime1 stub}
  0x000001fc47d478d0: e8ab abb7 

  0x000001fc47d478d4: ; ImmutableOopMap {rbx=Oop [144]=Oop [152]=Oop [160]=Oop [176]=Oop [208]=Oop }
                      ;*new {reexecute=0 rethrow=0 return_oop=0}
                      ; - jdk.internal.loader.BuiltinClassLoader::defineClass@61 (line 856)
  0x000001fc47d478d4: ffe9 45fd 

  0x000001fc47d478d8: ;   {internal_word}
  0x000001fc47d478d8: ffff 49ba | 9c76 d447 | fc01 0000 | 4d89 9768 

  0x000001fc47d478e8: ;   {runtime_call SafepointBlob}
  0x000001fc47d478e8: 0400 00e9 | 10de abff 

  0x000001fc47d478f0: ;   {runtime_call fast_new_instance Runtime1 stub}
  0x000001fc47d478f0: 488b d2e8 

  0x000001fc47d478f4: ; ImmutableOopMap {rbx=Oop [144]=Oop [152]=Oop [160]=Oop [176]=Oop [208]=Oop [232]=Oop }
                      ;*new {reexecute=0 rethrow=0 return_oop=0}
                      ; - jdk.internal.loader.BuiltinClassLoader::defineClass@95 (line 861)
  0x000001fc47d478f4: 88ab b7ff | e94a feff 

  0x000001fc47d478fc: ;   {runtime_call throw_null_pointer_exception Runtime1 stub}
  0x000001fc47d478fc: ffe8 fe9d 

  0x000001fc47d47900: ; ImmutableOopMap {rax=Oop [144]=Oop [152]=Oop [160]=Oop [176]=Oop [208]=Oop [232]=Oop [240]=Oop [248]=Oop }
                      ;*arraylength {reexecute=0 rethrow=0 return_oop=0}
                      ; - jdk.internal.loader.BuiltinClassLoader::defineClass@114 (line 862)
                      ;   {internal_word}
  0x000001fc47d47900: b7ff 49ba | e477 d447 | fc01 0000 | 4d89 9768 

  0x000001fc47d47910: ;   {runtime_call SafepointBlob}
  0x000001fc47d47910: 0400 00e9 | e8dd abff | 488d 8424 | 0801 0000 | 4889 0424 

  0x000001fc47d47924: ;   {runtime_call monitorexit_nofpu Runtime1 stub}
  0x000001fc47d47924: e857 ebb7 | ffe9 1cff | ffff 8bb4 | 24ac 0000 | 0048 8bbc | 24b0 0000 | 0048 8b9c | 24a0 0000 
  0x000001fc47d47944: 00e9 a8fe | ffff 498b | 8700 0500 | 0049 c787 | 0005 0000 | 0000 0000 | 49c7 8708 | 0500 0000 
  0x000001fc47d47964: 0000 0048 | 81c4 2001 

  0x000001fc47d4796c: ;   {runtime_call unwind_exception Runtime1 stub}
  0x000001fc47d4796c: 0000 5de9 | 8c85 b7ff | f4f4 f4f4 
[Stub Code]
  0x000001fc47d47978: ;   {no_reloc}
  0x000001fc47d47978: 0f1f 4400 

  0x000001fc47d4797c: ;   {static_stub}
  0x000001fc47d4797c: 0048 bb00 | 0000 0000 

  0x000001fc47d47984: ;   {runtime_call}
  0x000001fc47d47984: 0000 00e9 | fbff ffff 

  0x000001fc47d4798c: ;   {static_stub}
  0x000001fc47d4798c: 9048 bb00 | 0000 0000 

  0x000001fc47d47994: ;   {runtime_call}
  0x000001fc47d47994: 0000 00e9 | fbff ffff 

  0x000001fc47d4799c: ;   {static_stub}
  0x000001fc47d4799c: 9048 bb00 | 0000 0000 

  0x000001fc47d479a4: ;   {runtime_call}
  0x000001fc47d479a4: 0000 00e9 | fbff ffff 

  0x000001fc47d479ac: ;   {static_stub}
  0x000001fc47d479ac: 9048 bb00 | 0000 0000 

  0x000001fc47d479b4: ;   {runtime_call}
  0x000001fc47d479b4: 0000 00e9 | fbff ffff 

  0x000001fc47d479bc: ;   {static_stub}
  0x000001fc47d479bc: 9048 bb00 | 0000 0000 

  0x000001fc47d479c4: ;   {runtime_call}
  0x000001fc47d479c4: 0000 00e9 | fbff ffff 

  0x000001fc47d479cc: ;   {static_stub}
  0x000001fc47d479cc: 9048 bb00 | 0000 0000 

  0x000001fc47d479d4: ;   {runtime_call}
  0x000001fc47d479d4: 0000 00e9 | fbff ffff 

  0x000001fc47d479dc: ;   {static_stub}
  0x000001fc47d479dc: 9048 bb00 | 0000 0000 

  0x000001fc47d479e4: ;   {runtime_call}
  0x000001fc47d479e4: 0000 00e9 | fbff ffff 

  0x000001fc47d479ec: ;   {static_stub}
  0x000001fc47d479ec: 9048 bb00 | 0000 0000 

  0x000001fc47d479f4: ;   {runtime_call}
  0x000001fc47d479f4: 0000 00e9 | fbff ffff 

  0x000001fc47d479fc: ;   {static_stub}
  0x000001fc47d479fc: 48bb 0000 | 0000 0000 

  0x000001fc47d47a04: ;   {runtime_call}
  0x000001fc47d47a04: 0000 e9fb 

  0x000001fc47d47a08: ;   {static_stub}
  0x000001fc47d47a08: ffff ff48 | bb00 0000 | 0000 0000 

  0x000001fc47d47a14: ;   {runtime_call}
  0x000001fc47d47a14: 00e9 fbff 

  0x000001fc47d47a18: ;   {static_stub}
  0x000001fc47d47a18: ffff 48bb | 0000 0000 | 0000 0000 

  0x000001fc47d47a24: ;   {runtime_call}
  0x000001fc47d47a24: e9fb ffff 

  0x000001fc47d47a28: ;   {static_stub}
  0x000001fc47d47a28: ff48 bbf0 | 2e47 51fc 

  0x000001fc47d47a30: ;   {runtime_call I2C/C2I adapters}
  0x000001fc47d47a30: 0100 00e9 | 3333 abff 

  0x000001fc47d47a38: ;   {static_stub}
  0x000001fc47d47a38: 48bb 08d4 | 0451 fc01 

  0x000001fc47d47a40: ;   {runtime_call I2C/C2I adapters}
  0x000001fc47d47a40: 0000 e9a0 

  0x000001fc47d47a44: ;   {static_stub}
  0x000001fc47d47a44: c7ab ff48 | bb00 0000 | 0000 0000 

  0x000001fc47d47a50: ;   {runtime_call}
  0x000001fc47d47a50: 00e9 fbff 

  0x000001fc47d47a54: ;   {static_stub}
  0x000001fc47d47a54: ffff 48bb | 689a 4351 | fc01 0000 

  0x000001fc47d47a60: ;   {runtime_call I2C/C2I adapters}
  0x000001fc47d47a60: e910 97aa 

  0x000001fc47d47a64: ;   {runtime_call handle_exception_from_callee Runtime1 stub}
  0x000001fc47d47a64: ffe8 96cd 

  0x000001fc47d47a68: ;   {external_word}
  0x000001fc47d47a68: b7ff 48b9 | 10f9 e941 | f87f 0000 | 4883 e4f0 

  0x000001fc47d47a78: ;   {runtime_call}
  0x000001fc47d47a78: 48b8 4088 | b141 f87f | 0000 ffd0 

  0x000001fc47d47a84: ;   {section_word}
  0x000001fc47d47a84: f449 ba85 | 7ad4 47fc | 0100 0041 

  0x000001fc47d47a90: ;   {runtime_call DeoptimizationBlob}
  0x000001fc47d47a90: 52e9 0acf | abff f4f4 
[/MachCode]


---------------  P R O C E S S  ---------------

Threads class SMR info:
_java_thread_list=0x000001fc504f8850, length=24, elements={
0x000001fc3efbdcf0, 0x000001fc50341fb0, 0x000001fc50343340, 0x000001fc5034cf00,
0x000001fc5034d900, 0x000001fc5034eae0, 0x000001fc5034f150, 0x000001fc503615e0,
0x000001fc503f6490, 0x000001fc504c2330, 0x000001fc504ca9c0, 0x000001fc504cc460,
0x000001fc50518f10, 0x000001fc5054b5a0, 0x000001fc50769360, 0x000001fc96685fa0,
0x000001fc9675e2f0, 0x000001fc9675fd30, 0x000001fc9924df10, 0x000001fc99250670,
0x000001fc99250d00, 0x000001fc9a24bcf0, 0x000001fc9a24ca10, 0x000001fc9a250520
}

Java Threads: ( => current thread )
=>0x000001fc3efbdcf0 JavaThread "main"                              [_thread_in_vm, id=12108, stack(0x000000a4a0700000,0x000000a4a0800000) (1024K)]
  0x000001fc50341fb0 JavaThread "Reference Handler"          daemon [_thread_blocked, id=9132, stack(0x000000a4a0f00000,0x000000a4a1000000) (1024K)]
  0x000001fc50343340 JavaThread "Finalizer"                  daemon [_thread_blocked, id=18628, stack(0x000000a4a1000000,0x000000a4a1100000) (1024K)]
  0x000001fc5034cf00 JavaThread "Signal Dispatcher"          daemon [_thread_blocked, id=23608, stack(0x000000a4a1100000,0x000000a4a1200000) (1024K)]
  0x000001fc5034d900 JavaThread "Attach Listener"            daemon [_thread_blocked, id=24696, stack(0x000000a4a1200000,0x000000a4a1300000) (1024K)]
  0x000001fc5034eae0 JavaThread "Service Thread"             daemon [_thread_blocked, id=3292, stack(0x000000a4a1300000,0x000000a4a1400000) (1024K)]
  0x000001fc5034f150 JavaThread "Monitor Deflation Thread"   daemon [_thread_blocked, id=23440, stack(0x000000a4a1400000,0x000000a4a1500000) (1024K)]
  0x000001fc503615e0 JavaThread "C1 CompilerThread0"         daemon [_thread_blocked, id=23972, stack(0x000000a4a1500000,0x000000a4a1600000) (1024K)]
  0x000001fc503f6490 JavaThread "C1 CompilerThread1"         daemon [_thread_blocked, id=12396, stack(0x000000a4a1600000,0x000000a4a1700000) (1024K)]
  0x000001fc504c2330 JavaThread "JDWP Transport Listener: dt_socket" daemon [_thread_blocked, id=15768, stack(0x000000a4a1700000,0x000000a4a1800000) (1024K)]
  0x000001fc504ca9c0 JavaThread "JDWP Event Helper Thread"   daemon [_thread_blocked, id=18876, stack(0x000000a4a1800000,0x000000a4a1900000) (1024K)]
  0x000001fc504cc460 JavaThread "JDWP Command Reader"        daemon [_thread_in_native, id=17816, stack(0x000000a4a1900000,0x000000a4a1a00000) (1024K)]
  0x000001fc50518f10 JavaThread "Common-Cleaner"             daemon [_thread_blocked, id=24780, stack(0x000000a4a1a00000,0x000000a4a1b00000) (1024K)]
  0x000001fc5054b5a0 JavaThread "IntelliJ Suspend Helper"    daemon [_thread_blocked, id=5440, stack(0x000000a4a1b00000,0x000000a4a1c00000) (1024K)]
  0x000001fc50769360 JavaThread "Notification Thread"        daemon [_thread_blocked, id=18904, stack(0x000000a4a1c00000,0x000000a4a1d00000) (1024K)]
  0x000001fc96685fa0 JavaThread "RMI TCP Accept-0"           daemon [_thread_in_native, id=1104, stack(0x000000a4a1f00000,0x000000a4a2000000) (1024K)]
  0x000001fc9675e2f0 JavaThread "RMI TCP Connection(1)-192.168.0.103" daemon [_thread_blocked, id=20464, stack(0x000000a4a2900000,0x000000a4a2a00000) (1024K)]
  0x000001fc9675fd30 JavaThread "RMI Scheduler(0)"           daemon [_thread_blocked, id=18752, stack(0x000000a4a2a00000,0x000000a4a2b00000) (1024K)]
  0x000001fc9924df10 JavaThread "Catalina-utility-1"                [_thread_blocked, id=24736, stack(0x000000a4a2d00000,0x000000a4a2e00000) (1024K)]
  0x000001fc99250670 JavaThread "Catalina-utility-2"                [_thread_blocked, id=25164, stack(0x000000a4a2e00000,0x000000a4a2f00000) (1024K)]
  0x000001fc99250d00 JavaThread "container-0"                       [_thread_blocked, id=4544, stack(0x000000a4a2f00000,0x000000a4a3000000) (1024K)]
  0x000001fc9a24bcf0 JavaThread "Cleaner-0"                  daemon [_thread_blocked, id=7972, stack(0x000000a4a3100000,0x000000a4a3200000) (1024K)]
  0x000001fc9a24ca10 JavaThread "HikariPool-1:housekeeper"   daemon [_thread_blocked, id=20116, stack(0x000000a4a3200000,0x000000a4a3300000) (1024K)]
  0x000001fc9a250520 JavaThread "HikariPool-1:connection-adder" daemon [_thread_in_native, id=5404, stack(0x000000a4a3300000,0x000000a4a3400000) (1024K)]
Total: 24

Other Threads:
  0x000001fc477a4bb0 VMThread "VM Thread"                           [id=24052, stack(0x000000a4a0e00000,0x000000a4a0f00000) (1024K)] _threads_hazard_ptr=0x000001fc504f8850
  0x000001fc4778fb70 WatcherThread "VM Periodic Task Thread"        [id=24704, stack(0x000000a4a0d00000,0x000000a4a0e00000) (1024K)]
  0x000001fc4767c9b0 WorkerThread "GC Thread#0"                     [id=20100, stack(0x000000a4a0800000,0x000000a4a0900000) (1024K)]
  0x000001fc966f5c00 WorkerThread "GC Thread#1"                     [id=3056, stack(0x000000a4a2000000,0x000000a4a2100000) (1024K)]
  0x000001fc96728e20 WorkerThread "GC Thread#2"                     [id=3016, stack(0x000000a4a2100000,0x000000a4a2200000) (1024K)]
  0x000001fc967291d0 WorkerThread "GC Thread#3"                     [id=18564, stack(0x000000a4a2200000,0x000000a4a2300000) (1024K)]
  0x000001fc96729580 WorkerThread "GC Thread#4"                     [id=232, stack(0x000000a4a2300000,0x000000a4a2400000) (1024K)]
  0x000001fc96729930 WorkerThread "GC Thread#5"                     [id=24820, stack(0x000000a4a2400000,0x000000a4a2500000) (1024K)]
  0x000001fc9672c500 WorkerThread "GC Thread#6"                     [id=21340, stack(0x000000a4a2500000,0x000000a4a2600000) (1024K)]
  0x000001fc9672c8b0 WorkerThread "GC Thread#7"                     [id=10400, stack(0x000000a4a2600000,0x000000a4a2700000) (1024K)]
  0x000001fc9672d060 WorkerThread "GC Thread#8"                     [id=5920, stack(0x000000a4a2700000,0x000000a4a2800000) (1024K)]
  0x000001fc96737c50 WorkerThread "GC Thread#9"                     [id=25372, stack(0x000000a4a2800000,0x000000a4a2900000) (1024K)]
  0x000001fc4768c4d0 ConcurrentGCThread "G1 Main Marker"            [id=24992, stack(0x000000a4a0900000,0x000000a4a0a00000) (1024K)]
  0x000001fc4768ee40 WorkerThread "G1 Conc#0"                       [id=13280, stack(0x000000a4a0a00000,0x000000a4a0b00000) (1024K)]
  0x000001fc96738000 WorkerThread "G1 Conc#1"                       [id=23136, stack(0x000000a4a2b00000,0x000000a4a2c00000) (1024K)]
  0x000001fc97604eb0 WorkerThread "G1 Conc#2"                       [id=18812, stack(0x000000a4a2c00000,0x000000a4a2d00000) (1024K)]
  0x000001fc4773a350 ConcurrentGCThread "G1 Refine#0"               [id=3108, stack(0x000000a4a0b00000,0x000000a4a0c00000) (1024K)]
  0x000001fc4773c7a0 ConcurrentGCThread "G1 Service"                [id=9420, stack(0x000000a4a0c00000,0x000000a4a0d00000) (1024K)]
Total: 18

Threads with active compile tasks:
Total: 0

VM state: synchronizing (normal execution)

VM Mutex/Monitor currently owned by a thread:  ([mutex/lock_event])
[0x00007ff842137f10] Metaspace_lock - owner thread: 0x000001fc3efbdcf0
[0x00007ff842139f10] Threads_lock - owner thread: 0x000001fc477a4bb0

Heap address: 0x000000008a400000, size: 1884 MB, Compressed Oops mode: 32-bit

CDS archive(s) mapped at: [0x000001fc51000000-0x000001fc51c90000-0x000001fc51c90000), size 13172736, SharedBaseAddress: 0x000001fc51000000, ArchiveRelocationMode: 1.
Compressed class space mapped at: 0x000001fc52000000-0x000001fc92000000, reserved size: 1073741824
Narrow klass base: 0x000001fc51000000, Narrow klass shift: 0, Narrow klass range: 0x100000000

GC Precious Log:
 CardTable entry size: 512
 Card Set container configuration: InlinePtr #cards 5 size 8 Array Of Cards #cards 12 size 40 Howl #buckets 4 coarsen threshold 1843 Howl Bitmap #cards 512 size 80 coarsen threshold 460 Card regions per heap region 1 cards per card region 2048
 CPUs: 12 total, 12 available
 Memory: 7528M
 Large Page Support: Disabled
 NUMA Support: Disabled
 Compressed Oops: Enabled (32-bit)
 Heap Region Size: 1M
 Heap Min Capacity: 8M
 Heap Initial Capacity: 118M
 Heap Max Capacity: 1884M
 Pre-touch: Disabled
 Parallel Workers: 10
 Concurrent Workers: 3
 Concurrent Refinement Workers: 10
 Periodic GC: Disabled

Heap:
 garbage-first heap   total 73728K, used 63019K [0x000000008a400000, 0x0000000100000000)
  region size 1024K, 33 young (33792K), 5 survivors (5120K)
 Metaspace       used 79019K, committed 79680K, reserved 1179648K
  class space    used 10564K, committed 10880K, reserved 1048576K

Heap Regions: E=young(eden), S=young(survivor), O=old, HS=humongous(starts), HC=humongous(continues), CS=collection set, F=free, TAMS=top-at-mark-start, PB=parsable bottom
|   0|0x000000008a400000, 0x000000008a500000, 0x000000008a500000|100%|HS|  |TAMS 0x000000008a400000| PB 0x000000008a400000| Complete 
|   1|0x000000008a500000, 0x000000008a600000, 0x000000008a600000|100%| O|  |TAMS 0x000000008a500000| PB 0x000000008a500000| Untracked 
|   2|0x000000008a600000, 0x000000008a700000, 0x000000008a700000|100%|HS|  |TAMS 0x000000008a600000| PB 0x000000008a600000| Complete 
|   3|0x000000008a700000, 0x000000008a800000, 0x000000008a800000|100%|HS|  |TAMS 0x000000008a700000| PB 0x000000008a700000| Complete 
|   4|0x000000008a800000, 0x000000008a900000, 0x000000008a900000|100%| O|  |TAMS 0x000000008a800000| PB 0x000000008a800000| Untracked 
|   5|0x000000008a900000, 0x000000008aa00000, 0x000000008aa00000|100%| O|  |TAMS 0x000000008a900000| PB 0x000000008a900000| Untracked 
|   6|0x000000008aa00000, 0x000000008ab00000, 0x000000008ab00000|100%| O|  |TAMS 0x000000008aa00000| PB 0x000000008aa00000| Untracked 
|   7|0x000000008ab00000, 0x000000008ac00000, 0x000000008ac00000|100%| O|  |TAMS 0x000000008ab00000| PB 0x000000008ab00000| Untracked 
|   8|0x000000008ac00000, 0x000000008ad00000, 0x000000008ad00000|100%| O|  |TAMS 0x000000008ac00000| PB 0x000000008ac00000| Untracked 
|   9|0x000000008ad00000, 0x000000008ae00000, 0x000000008ae00000|100%| O|  |TAMS 0x000000008ad00000| PB 0x000000008ad00000| Untracked 
|  10|0x000000008ae00000, 0x000000008af00000, 0x000000008af00000|100%| O|  |TAMS 0x000000008ae00000| PB 0x000000008ae00000| Untracked 
|  11|0x000000008af00000, 0x000000008b000000, 0x000000008b000000|100%| O|  |TAMS 0x000000008af00000| PB 0x000000008af00000| Untracked 
|  12|0x000000008b000000, 0x000000008b100000, 0x000000008b100000|100%| O|  |TAMS 0x000000008b000000| PB 0x000000008b000000| Untracked 
|  13|0x000000008b100000, 0x000000008b200000, 0x000000008b200000|100%| O|  |TAMS 0x000000008b100000| PB 0x000000008b100000| Untracked 
|  14|0x000000008b200000, 0x000000008b300000, 0x000000008b300000|100%| O|  |TAMS 0x000000008b200000| PB 0x000000008b200000| Untracked 
|  15|0x000000008b300000, 0x000000008b400000, 0x000000008b400000|100%| O|  |TAMS 0x000000008b300000| PB 0x000000008b300000| Untracked 
|  16|0x000000008b400000, 0x000000008b500000, 0x000000008b500000|100%| O|  |TAMS 0x000000008b400000| PB 0x000000008b400000| Untracked 
|  17|0x000000008b500000, 0x000000008b600000, 0x000000008b600000|100%| O|  |TAMS 0x000000008b500000| PB 0x000000008b500000| Untracked 
|  18|0x000000008b600000, 0x000000008b700000, 0x000000008b700000|100%| O|  |TAMS 0x000000008b600000| PB 0x000000008b600000| Untracked 
|  19|0x000000008b700000, 0x000000008b800000, 0x000000008b800000|100%| O|  |TAMS 0x000000008b700000| PB 0x000000008b700000| Untracked 
|  20|0x000000008b800000, 0x000000008b900000, 0x000000008b900000|100%| O|  |TAMS 0x000000008b800000| PB 0x000000008b800000| Untracked 
|  21|0x000000008b900000, 0x000000008ba00000, 0x000000008ba00000|100%| O|  |TAMS 0x000000008b900000| PB 0x000000008b900000| Untracked 
|  22|0x000000008ba00000, 0x000000008bb00000, 0x000000008bb00000|100%| O|Cm|TAMS 0x000000008ba00000| PB 0x000000008ba00000| Complete 
|  23|0x000000008bb00000, 0x000000008bc00000, 0x000000008bc00000|100%| O|  |TAMS 0x000000008bb00000| PB 0x000000008bb00000| Untracked 
|  24|0x000000008bc00000, 0x000000008bd00000, 0x000000008bd00000|100%| O|  |TAMS 0x000000008bc00000| PB 0x000000008bc00000| Untracked 
|  25|0x000000008bd00000, 0x000000008be00000, 0x000000008be00000|100%| O|  |TAMS 0x000000008bd00000| PB 0x000000008bd00000| Untracked 
|  26|0x000000008be00000, 0x000000008bf00000, 0x000000008bf00000|100%| O|  |TAMS 0x000000008be00000| PB 0x000000008be00000| Untracked 
|  27|0x000000008bf00000, 0x000000008c000000, 0x000000008c000000|100%| O|  |TAMS 0x000000008bf00000| PB 0x000000008bf00000| Untracked 
|  28|0x000000008c000000, 0x000000008c0deba0, 0x000000008c100000| 87%| O|  |TAMS 0x000000008c000000| PB 0x000000008c000000| Untracked 
|  29|0x000000008c100000, 0x000000008c200000, 0x000000008c200000|100%|HS|  |TAMS 0x000000008c100000| PB 0x000000008c100000| Complete 
|  30|0x000000008c200000, 0x000000008c300000, 0x000000008c300000|100%|HS|  |TAMS 0x000000008c200000| PB 0x000000008c200000| Complete 
|  31|0x000000008c300000, 0x000000008c3ac068, 0x000000008c400000| 67%| S|CS|TAMS 0x000000008c300000| PB 0x000000008c300000| Complete 
|  32|0x000000008c400000, 0x000000008c400000, 0x000000008c500000|  0%| F|  |TAMS 0x000000008c400000| PB 0x000000008c400000| Untracked 
|  33|0x000000008c500000, 0x000000008c600000, 0x000000008c600000|100%| S|CS|TAMS 0x000000008c500000| PB 0x000000008c500000| Complete 
|  34|0x000000008c600000, 0x000000008c700000, 0x000000008c700000|100%| S|CS|TAMS 0x000000008c600000| PB 0x000000008c600000| Complete 
|  35|0x000000008c700000, 0x000000008c700000, 0x000000008c800000|  0%| F|  |TAMS 0x000000008c700000| PB 0x000000008c700000| Untracked 
|  36|0x000000008c800000, 0x000000008c800000, 0x000000008c900000|  0%| F|  |TAMS 0x000000008c800000| PB 0x000000008c800000| Untracked 
|  37|0x000000008c900000, 0x000000008ca00000, 0x000000008ca00000|100%| S|CS|TAMS 0x000000008c900000| PB 0x000000008c900000| Complete 
|  38|0x000000008ca00000, 0x000000008cb00000, 0x000000008cb00000|100%| S|CS|TAMS 0x000000008ca00000| PB 0x000000008ca00000| Complete 
|  39|0x000000008cb00000, 0x000000008cb00000, 0x000000008cc00000|  0%| F|  |TAMS 0x000000008cb00000| PB 0x000000008cb00000| Untracked 
|  40|0x000000008cc00000, 0x000000008cc00000, 0x000000008cd00000|  0%| F|  |TAMS 0x000000008cc00000| PB 0x000000008cc00000| Untracked 
|  41|0x000000008cd00000, 0x000000008cd00000, 0x000000008ce00000|  0%| F|  |TAMS 0x000000008cd00000| PB 0x000000008cd00000| Untracked 
|  42|0x000000008ce00000, 0x000000008ce00000, 0x000000008cf00000|  0%| F|  |TAMS 0x000000008ce00000| PB 0x000000008ce00000| Untracked 
|  43|0x000000008cf00000, 0x000000008cf00000, 0x000000008d000000|  0%| F|  |TAMS 0x000000008cf00000| PB 0x000000008cf00000| Untracked 
|  44|0x000000008d000000, 0x000000008d0656f0, 0x000000008d100000| 39%| E|  |TAMS 0x000000008d000000| PB 0x000000008d000000| Complete 
|  45|0x000000008d100000, 0x000000008d200000, 0x000000008d200000|100%| E|CS|TAMS 0x000000008d100000| PB 0x000000008d100000| Complete 
|  46|0x000000008d200000, 0x000000008d300000, 0x000000008d300000|100%| E|CS|TAMS 0x000000008d200000| PB 0x000000008d200000| Complete 
|  47|0x000000008d300000, 0x000000008d400000, 0x000000008d400000|100%| E|CS|TAMS 0x000000008d300000| PB 0x000000008d300000| Complete 
|  48|0x000000008d400000, 0x000000008d500000, 0x000000008d500000|100%| E|CS|TAMS 0x000000008d400000| PB 0x000000008d400000| Complete 
|  49|0x000000008d500000, 0x000000008d600000, 0x000000008d600000|100%| E|CS|TAMS 0x000000008d500000| PB 0x000000008d500000| Complete 
|  50|0x000000008d600000, 0x000000008d700000, 0x000000008d700000|100%| E|CS|TAMS 0x000000008d600000| PB 0x000000008d600000| Complete 
|  51|0x000000008d700000, 0x000000008d800000, 0x000000008d800000|100%| E|CS|TAMS 0x000000008d700000| PB 0x000000008d700000| Complete 
|  52|0x000000008d800000, 0x000000008d900000, 0x000000008d900000|100%| E|CS|TAMS 0x000000008d800000| PB 0x000000008d800000| Complete 
|  53|0x000000008d900000, 0x000000008da00000, 0x000000008da00000|100%| E|CS|TAMS 0x000000008d900000| PB 0x000000008d900000| Complete 
|  54|0x000000008da00000, 0x000000008db00000, 0x000000008db00000|100%| E|CS|TAMS 0x000000008da00000| PB 0x000000008da00000| Complete 
|  55|0x000000008db00000, 0x000000008dc00000, 0x000000008dc00000|100%| E|CS|TAMS 0x000000008db00000| PB 0x000000008db00000| Complete 
|  56|0x000000008dc00000, 0x000000008dd00000, 0x000000008dd00000|100%| E|CS|TAMS 0x000000008dc00000| PB 0x000000008dc00000| Complete 
|  57|0x000000008dd00000, 0x000000008de00000, 0x000000008de00000|100%| E|CS|TAMS 0x000000008dd00000| PB 0x000000008dd00000| Complete 
|  58|0x000000008de00000, 0x000000008df00000, 0x000000008df00000|100%| E|CS|TAMS 0x000000008de00000| PB 0x000000008de00000| Complete 
|  59|0x000000008df00000, 0x000000008e000000, 0x000000008e000000|100%| E|CS|TAMS 0x000000008df00000| PB 0x000000008df00000| Complete 
|  60|0x000000008e000000, 0x000000008e100000, 0x000000008e100000|100%| E|CS|TAMS 0x000000008e000000| PB 0x000000008e000000| Complete 
|  61|0x000000008e100000, 0x000000008e200000, 0x000000008e200000|100%| E|CS|TAMS 0x000000008e100000| PB 0x000000008e100000| Complete 
|  62|0x000000008e200000, 0x000000008e300000, 0x000000008e300000|100%| E|CS|TAMS 0x000000008e200000| PB 0x000000008e200000| Complete 
|  63|0x000000008e300000, 0x000000008e400000, 0x000000008e400000|100%| E|CS|TAMS 0x000000008e300000| PB 0x000000008e300000| Complete 
|  64|0x000000008e400000, 0x000000008e500000, 0x000000008e500000|100%| E|CS|TAMS 0x000000008e400000| PB 0x000000008e400000| Complete 
|  65|0x000000008e500000, 0x000000008e600000, 0x000000008e600000|100%| E|CS|TAMS 0x000000008e500000| PB 0x000000008e500000| Complete 
|  66|0x000000008e600000, 0x000000008e700000, 0x000000008e700000|100%| E|CS|TAMS 0x000000008e600000| PB 0x000000008e600000| Complete 
| 100|0x0000000090800000, 0x0000000090900000, 0x0000000090900000|100%| E|CS|TAMS 0x0000000090800000| PB 0x0000000090800000| Complete 
| 101|0x0000000090900000, 0x0000000090a00000, 0x0000000090a00000|100%| E|CS|TAMS 0x0000000090900000| PB 0x0000000090900000| Complete 
| 102|0x0000000090a00000, 0x0000000090b00000, 0x0000000090b00000|100%| E|CS|TAMS 0x0000000090a00000| PB 0x0000000090a00000| Complete 
| 103|0x0000000090b00000, 0x0000000090c00000, 0x0000000090c00000|100%| E|  |TAMS 0x0000000090b00000| PB 0x0000000090b00000| Complete 
| 117|0x0000000091900000, 0x0000000091a00000, 0x0000000091a00000|100%| E|CS|TAMS 0x0000000091900000| PB 0x0000000091900000| Complete 

Card table byte_map: [0x000001fc4b600000,0x000001fc4b9b0000] _byte_map_base: 0x000001fc4b1ae000

Marking Bits: (CMBitMap*) 0x000001fc4767cfd0
 Bits: [0x000001fc4b9b0000, 0x000001fc4d720000)

Polling page: 0x000001fc3cdf0000

Metaspace:

Usage:
  Non-class:     66.85 MB used.
      Class:     10.32 MB used.
       Both:     77.17 MB used.

Virtual space:
  Non-class space:      128.00 MB reserved,      67.19 MB ( 52%) committed,  2 nodes.
      Class space:        1.00 GB reserved,      10.62 MB (  1%) committed,  1 nodes.
             Both:        1.12 GB reserved,      77.81 MB (  7%) committed. 

Chunk freelists:
   Non-Class:  12.11 MB
       Class:  5.39 MB
        Both:  17.50 MB

MaxMetaspaceSize: unlimited
CompressedClassSpaceSize: 1.00 GB
Initial GC threshold: 21.00 MB
Current GC threshold: 114.62 MB
CDS: on
 - commit_granule_bytes: 65536.
 - commit_granule_words: 8192.
 - virtual_space_node_default_size: 8388608.
 - enlarge_chunks_in_place: 1.
 - use_allocation_guard: 0.


Internal statistics:

num_allocs_failed_limit: 6.
num_arena_births: 1024.
num_arena_deaths: 0.
num_vsnodes_births: 3.
num_vsnodes_deaths: 0.
num_space_committed: 1245.
num_space_uncommitted: 0.
num_chunks_returned_to_freelist: 6.
num_chunks_taken_from_freelist: 3569.
num_chunk_merges: 3.
num_chunk_splits: 2657.
num_chunks_enlarged: 2135.
num_inconsistent_stats: 0.

CodeCache: size=49152Kb used=15582Kb max_used=16122Kb free=33569Kb
 bounds [0x000001fc477b0000, 0x000001fc48770000, 0x000001fc4a7b0000]
 total_blobs=7626 nmethods=6894 adapters=654
 compilation: enabled
              stopped_count=0, restarted_count=0
 full_count=0

Compilation events (20 events):
Event: 10.603 Thread 0x000001fc503f6490 nmethod 7468 0x000001fc47b85f90 code [0x000001fc47b86140, 0x000001fc47b86230]
Event: 10.603 Thread 0x000001fc503f6490 7470       1       sun.rmi.server.MarshalOutputStream::writeLocation (6 bytes)
Event: 10.603 Thread 0x000001fc503f6490 nmethod 7470 0x000001fc47b85c10 code [0x000001fc47b85dc0, 0x000001fc47b85eb8]
Event: 10.604 Thread 0x000001fc503615e0 nmethod 7469 0x000001fc47b81f10 code [0x000001fc47b82180, 0x000001fc47b82a98]
Event: 10.991 Thread 0x000001fc503615e0 7471   !   1       java.net.Socket$SocketOutputStream::write (54 bytes)
Event: 10.991 Thread 0x000001fc503f6490 7473   !   1       sun.nio.ch.NioSocketImpl::write (90 bytes)
Event: 10.991 Thread 0x000001fc503615e0 nmethod 7471 0x000001fc47b85410 code [0x000001fc47b855e0, 0x000001fc47b85888]
Event: 10.991 Thread 0x000001fc503615e0 7478   !   1       java.nio.ByteBuffer::putArray (122 bytes)
Event: 10.991 Thread 0x000001fc503f6490 nmethod 7473 0x000001fc47b80f90 code [0x000001fc47b811e0, 0x000001fc47b816a8]
Event: 10.991 Thread 0x000001fc503f6490 7472       1       sun.nio.ch.NioSocketImpl$2::write (11 bytes)
Event: 10.992 Thread 0x000001fc503f6490 nmethod 7472 0x000001fc47b85010 code [0x000001fc47b851c0, 0x000001fc47b852d8]
Event: 10.992 Thread 0x000001fc503f6490 7474   !   1       sun.nio.ch.NioSocketImpl::implWrite (119 bytes)
Event: 10.992 Thread 0x000001fc503615e0 nmethod 7478 0x000001fc47b80090 code [0x000001fc47b802c0, 0x000001fc47b808a0]
Event: 10.992 Thread 0x000001fc503615e0 7475   !   1       sun.nio.ch.NioSocketImpl::beginWrite (30 bytes)
Event: 10.992 Thread 0x000001fc503615e0 nmethod 7475 0x000001fc47b7f990 code [0x000001fc47b7fb40, 0x000001fc47b7fdc0]
Event: 10.992 Thread 0x000001fc503615e0 7476   !   1       sun.nio.ch.NioSocketImpl::tryWrite (78 bytes)
Event: 10.992 Thread 0x000001fc503615e0 nmethod 7476 0x000001fc47b7f190 code [0x000001fc47b7f380, 0x000001fc47b7f618]
Event: 10.992 Thread 0x000001fc503615e0 7477       1       java.nio.ByteBuffer::put (69 bytes)
Event: 10.992 Thread 0x000001fc503f6490 nmethod 7474 0x000001fc47b7e110 code [0x000001fc47b7e340, 0x000001fc47b7e978]
Event: 10.992 Thread 0x000001fc503615e0 nmethod 7477 0x000001fc47b7d710 code [0x000001fc47b7d920, 0x000001fc47b7dc90]

GC Heap History (20 events):
Event: 1.949 GC heap before
{Heap before GC invocations=8 (full 0):
 garbage-first heap   total 61440K, used 50480K [0x000000008a400000, 0x0000000100000000)
  region size 1024K, 36 young (36864K), 3 survivors (3072K)
 Metaspace       used 32348K, committed 32832K, reserved 1114112K
  class space    used 4140K, committed 4352K, reserved 1048576K
}
Event: 1.954 GC heap after
{Heap after GC invocations=9 (full 0):
 garbage-first heap   total 61440K, used 20437K [0x000000008a400000, 0x0000000100000000)
  region size 1024K, 5 young (5120K), 5 survivors (5120K)
 Metaspace       used 32348K, committed 32832K, reserved 1114112K
  class space    used 4140K, committed 4352K, reserved 1048576K
}
Event: 2.260 GC heap before
{Heap before GC invocations=9 (full 0):
 garbage-first heap   total 61440K, used 50133K [0x000000008a400000, 0x0000000100000000)
  region size 1024K, 34 young (34816K), 5 survivors (5120K)
 Metaspace       used 36257K, committed 36800K, reserved 1114112K
  class space    used 4745K, committed 4992K, reserved 1048576K
}
Event: 2.267 GC heap after
{Heap after GC invocations=10 (full 0):
 garbage-first heap   total 61440K, used 22528K [0x000000008a400000, 0x0000000100000000)
  region size 1024K, 5 young (5120K), 5 survivors (5120K)
 Metaspace       used 36257K, committed 36800K, reserved 1114112K
  class space    used 4745K, committed 4992K, reserved 1048576K
}
Event: 2.602 GC heap before
{Heap before GC invocations=10 (full 0):
 garbage-first heap   total 61440K, used 52224K [0x000000008a400000, 0x0000000100000000)
  region size 1024K, 34 young (34816K), 5 survivors (5120K)
 Metaspace       used 40482K, committed 41152K, reserved 1114112K
  class space    used 5287K, committed 5632K, reserved 1048576K
}
Event: 2.606 GC heap after
{Heap after GC invocations=11 (full 0):
 garbage-first heap   total 73728K, used 24776K [0x000000008a400000, 0x0000000100000000)
  region size 1024K, 5 young (5120K), 5 survivors (5120K)
 Metaspace       used 40482K, committed 41152K, reserved 1114112K
  class space    used 5287K, committed 5632K, reserved 1048576K
}
Event: 2.944 GC heap before
{Heap before GC invocations=11 (full 0):
 garbage-first heap   total 73728K, used 61640K [0x000000008a400000, 0x0000000100000000)
  region size 1024K, 41 young (41984K), 5 survivors (5120K)
 Metaspace       used 46026K, committed 46656K, reserved 1114112K
  class space    used 6297K, committed 6592K, reserved 1048576K
}
Event: 2.947 GC heap after
{Heap after GC invocations=12 (full 0):
 garbage-first heap   total 73728K, used 26728K [0x000000008a400000, 0x0000000100000000)
  region size 1024K, 5 young (5120K), 5 survivors (5120K)
 Metaspace       used 46026K, committed 46656K, reserved 1114112K
  class space    used 6297K, committed 6592K, reserved 1048576K
}
Event: 3.090 GC heap before
{Heap before GC invocations=12 (full 0):
 garbage-first heap   total 73728K, used 42088K [0x000000008a400000, 0x0000000100000000)
  region size 1024K, 21 young (21504K), 5 survivors (5120K)
 Metaspace       used 48585K, committed 49216K, reserved 1114112K
  class space    used 6676K, committed 6976K, reserved 1048576K
}
Event: 3.093 GC heap after
{Heap after GC invocations=13 (full 0):
 garbage-first heap   total 73728K, used 27254K [0x000000008a400000, 0x0000000100000000)
  region size 1024K, 3 young (3072K), 3 survivors (3072K)
 Metaspace       used 48585K, committed 49216K, reserved 1114112K
  class space    used 6676K, committed 6976K, reserved 1048576K
}
Event: 3.577 GC heap before
{Heap before GC invocations=14 (full 0):
 garbage-first heap   total 73728K, used 65142K [0x000000008a400000, 0x0000000100000000)
  region size 1024K, 40 young (40960K), 3 survivors (3072K)
 Metaspace       used 55893K, committed 56576K, reserved 1114112K
  class space    used 7512K, committed 7808K, reserved 1048576K
}
Event: 3.581 GC heap after
{Heap after GC invocations=15 (full 0):
 garbage-first heap   total 73728K, used 29084K [0x000000008a400000, 0x0000000100000000)
  region size 1024K, 5 young (5120K), 5 survivors (5120K)
 Metaspace       used 55893K, committed 56576K, reserved 1114112K
  class space    used 7512K, committed 7808K, reserved 1048576K
}
Event: 4.929 GC heap before
{Heap before GC invocations=15 (full 0):
 garbage-first heap   total 73728K, used 62876K [0x000000008a400000, 0x0000000100000000)
  region size 1024K, 38 young (38912K), 5 survivors (5120K)
 Metaspace       used 60757K, committed 61440K, reserved 1114112K
  class space    used 8150K, committed 8448K, reserved 1048576K
}
Event: 4.933 GC heap after
{Heap after GC invocations=16 (full 0):
 garbage-first heap   total 73728K, used 29745K [0x000000008a400000, 0x0000000100000000)
  region size 1024K, 4 young (4096K), 4 survivors (4096K)
 Metaspace       used 60757K, committed 61440K, reserved 1114112K
  class space    used 8150K, committed 8448K, reserved 1048576K
}
Event: 5.319 GC heap before
{Heap before GC invocations=16 (full 0):
 garbage-first heap   total 73728K, used 62513K [0x000000008a400000, 0x0000000100000000)
  region size 1024K, 37 young (37888K), 4 survivors (4096K)
 Metaspace       used 66510K, committed 67200K, reserved 1114112K
  class space    used 9105K, committed 9408K, reserved 1048576K
}
Event: 5.321 GC heap after
{Heap after GC invocations=17 (full 0):
 garbage-first heap   total 73728K, used 30678K [0x000000008a400000, 0x0000000100000000)
  region size 1024K, 2 young (2048K), 2 survivors (2048K)
 Metaspace       used 66510K, committed 67200K, reserved 1114112K
  class space    used 9105K, committed 9408K, reserved 1048576K
}
Event: 5.600 GC heap before
{Heap before GC invocations=17 (full 0):
 garbage-first heap   total 73728K, used 65494K [0x000000008a400000, 0x0000000100000000)
  region size 1024K, 37 young (37888K), 2 survivors (2048K)
 Metaspace       used 69637K, committed 70272K, reserved 1114112K
  class space    used 9569K, committed 9856K, reserved 1048576K
}
Event: 5.602 GC heap after
{Heap after GC invocations=18 (full 0):
 garbage-first heap   total 73728K, used 31643K [0x000000008a400000, 0x0000000100000000)
  region size 1024K, 3 young (3072K), 3 survivors (3072K)
 Metaspace       used 69637K, committed 70272K, reserved 1114112K
  class space    used 9569K, committed 9856K, reserved 1048576K
}
Event: 6.761 GC heap before
{Heap before GC invocations=19 (full 0):
 garbage-first heap   total 73728K, used 65435K [0x000000008a400000, 0x0000000100000000)
  region size 1024K, 36 young (36864K), 3 survivors (3072K)
 Metaspace       used 74310K, committed 75008K, reserved 1114112K
  class space    used 10164K, committed 10496K, reserved 1048576K
}
Event: 6.764 GC heap after
{Heap after GC invocations=20 (full 0):
 garbage-first heap   total 73728K, used 34347K [0x000000008a400000, 0x0000000100000000)
  region size 1024K, 5 young (5120K), 5 survivors (5120K)
 Metaspace       used 74310K, committed 75008K, reserved 1114112K
  class space    used 10164K, committed 10496K, reserved 1048576K
}

Dll operation events (11 events):
Event: 0.012 Loaded shared library C:\Program Files\Java\jdk-21.0.10\bin\java.dll
Event: 0.013 Loaded shared library C:\Program Files\Java\jdk-21.0.10\bin\zip.dll
Event: 0.194 Loaded shared library C:\Program Files\Java\jdk-21.0.10\bin\instrument.dll
Event: 0.235 Loaded shared library C:\Program Files\Java\jdk-21.0.10\bin\jimage.dll
Event: 0.246 Loaded shared library C:\Program Files\Java\jdk-21.0.10\bin\net.dll
Event: 0.247 Loaded shared library C:\Program Files\Java\jdk-21.0.10\bin\nio.dll
Event: 0.257 Loaded shared library C:\Program Files\Java\jdk-21.0.10\bin\zip.dll
Event: 0.352 Loaded shared library C:\Program Files\Java\jdk-21.0.10\bin\management.dll
Event: 0.363 Loaded shared library C:\Program Files\Java\jdk-21.0.10\bin\management_ext.dll
Event: 0.563 Loaded shared library C:\Program Files\Java\jdk-21.0.10\bin\extnet.dll
Event: 1.628 Loaded shared library C:\Program Files\Java\jdk-21.0.10\bin\sunmscapi.dll

Deoptimization events (20 events):
Event: 10.109 Thread 0x000001fc3efbdcf0 DEOPT PACKING pc=0x000001fc47d0da59 sp=0x000000a4a07fc300
Event: 10.109 Thread 0x000001fc3efbdcf0 DEOPT UNPACKING pc=0x000001fc47804e42 sp=0x000000a4a07fb758 mode 1
Event: 10.109 Thread 0x000001fc3efbdcf0 DEOPT PACKING pc=0x000001fc47d0bc2c sp=0x000000a4a07fc390
Event: 10.109 Thread 0x000001fc3efbdcf0 DEOPT UNPACKING pc=0x000001fc47804e42 sp=0x000000a4a07fb838 mode 1
Event: 10.109 Thread 0x000001fc3efbdcf0 DEOPT PACKING pc=0x000001fc47da8894 sp=0x000000a4a07fcdd0
Event: 10.109 Thread 0x000001fc3efbdcf0 DEOPT UNPACKING pc=0x000001fc47804e42 sp=0x000000a4a07fc298 mode 1
Event: 10.109 Thread 0x000001fc3efbdcf0 DEOPT PACKING pc=0x000001fc4803b9dc sp=0x000000a4a07fce60
Event: 10.109 Thread 0x000001fc3efbdcf0 DEOPT UNPACKING pc=0x000001fc47804e42 sp=0x000000a4a07fc340 mode 1
Event: 10.109 Thread 0x000001fc3efbdcf0 DEOPT PACKING pc=0x000001fc47d0da59 sp=0x000000a4a07fc300
Event: 10.109 Thread 0x000001fc3efbdcf0 DEOPT UNPACKING pc=0x000001fc47804e42 sp=0x000000a4a07fb758 mode 1
Event: 10.109 Thread 0x000001fc3efbdcf0 DEOPT PACKING pc=0x000001fc47d0bc2c sp=0x000000a4a07fc390
Event: 10.109 Thread 0x000001fc3efbdcf0 DEOPT UNPACKING pc=0x000001fc47804e42 sp=0x000000a4a07fb838 mode 1
Event: 10.109 Thread 0x000001fc3efbdcf0 DEOPT PACKING pc=0x000001fc47da8894 sp=0x000000a4a07fcdd0
Event: 10.109 Thread 0x000001fc3efbdcf0 DEOPT UNPACKING pc=0x000001fc47804e42 sp=0x000000a4a07fc298 mode 1
Event: 10.109 Thread 0x000001fc3efbdcf0 DEOPT PACKING pc=0x000001fc4803b9dc sp=0x000000a4a07fce60
Event: 10.109 Thread 0x000001fc3efbdcf0 DEOPT UNPACKING pc=0x000001fc47804e42 sp=0x000000a4a07fc340 mode 1
Event: 10.602 Thread 0x000001fc9675e2f0 DEOPT PACKING pc=0x000001fc4836f634 sp=0x000000a4a29fe820
Event: 10.602 Thread 0x000001fc9675e2f0 DEOPT UNPACKING pc=0x000001fc47804e42 sp=0x000000a4a29fdd20 mode 1
Event: 10.602 Thread 0x000001fc9675e2f0 DEOPT PACKING pc=0x000001fc48389c74 sp=0x000000a4a29fe9d0
Event: 10.602 Thread 0x000001fc9675e2f0 DEOPT UNPACKING pc=0x000001fc47804e42 sp=0x000000a4a29fdec0 mode 1

Classes loaded (20 events):
Event: 10.108 Loading class org/springframework/http/converter/HttpMessageConverters$ServerBuilder
Event: 10.108 Loading class org/springframework/http/converter/HttpMessageConverters$ServerBuilder done
Event: 10.108 Loading class org/springframework/boot/http/converter/autoconfigure/ServerHttpMessageConvertersCustomizer
Event: 10.108 Loading class org/springframework/boot/http/converter/autoconfigure/ServerHttpMessageConvertersCustomizer done
Event: 10.109 Loading class org/springframework/http/converter/HttpMessageConverters$ServerBuilder
Event: 10.109 Loading class org/springframework/http/converter/HttpMessageConverters$ServerBuilder done
Event: 10.109 Loading class org/springframework/http/converter/HttpMessageConverters$ServerBuilder
Event: 10.109 Loading class org/springframework/http/converter/HttpMessageConverters$ServerBuilder done
Event: 10.109 Loading class org/springframework/http/converter/HttpMessageConverter
Event: 10.109 Loading class org/springframework/http/converter/HttpMessageConverter done
Event: 10.109 Loading class com/jayway/jsonpath/DocumentContext
Event: 10.109 Loading class com/jayway/jsonpath/DocumentContext done
Event: 10.109 Loading class org/xmlbeam/XBProjector
Event: 10.109 Loading class org/xmlbeam/XBProjector done
Event: 10.109 Loading class org/springframework/http/converter/ResourceRegionHttpMessageConverter
Event: 10.109 Loading class org/springframework/http/converter/ResourceRegionHttpMessageConverter done
Event: 10.110 Loading class org/springframework/http/converter/AbstractGenericHttpMessageConverter
Event: 10.110 Loading class org/springframework/http/converter/AbstractGenericHttpMessageConverter done
Event: 10.110 Loading class org/springframework/http/converter/GenericHttpMessageConverter
Event: 10.110 Loading class org/springframework/http/converter/GenericHttpMessageConverter done

Classes unloaded (0 events):
No events

Classes redefined (1 events):
Event: 0.218 Thread 0x000001fc477a4bb0 redefined class name=java.lang.Throwable, count=1

Internal exceptions (20 events):
Event: 5.470 Thread 0x000001fc3efbdcf0 Exception <a 'java/lang/NoSuchMethodError'{0x000000008d4c7e00}: 'void java.lang.invoke.DirectMethodHandle$Holder.invokeSpecial(java.lang.Object, java.lang.Object, java.lang.Object, java.lang.Object, java.lang.Object, java.lang.Object, java.lang.Object, java.lang.Object)'> (0x000000008d4c7e00) 
thrown [s\open\src\hotspot\share\interpreter\linkResolver.cpp, line 773]
Event: 5.474 Thread 0x000001fc3efbdcf0 Exception <a 'java/lang/NoSuchMethodError'{0x000000008d3219c8}: 'void java.lang.invoke.DirectMethodHandle$Holder.invokeSpecial(java.lang.Object, java.lang.Object, int, java.lang.Object)'> (0x000000008d3219c8) 
thrown [s\open\src\hotspot\share\interpreter\linkResolver.cpp, line 773]
Event: 5.495 Thread 0x000001fc3efbdcf0 Exception <a 'java/lang/NoSuchMethodError'{0x000000008d13af50}: 'int java.lang.invoke.DirectMethodHandle$Holder.invokeStatic(java.lang.Object, int, java.lang.Object)'> (0x000000008d13af50) 
thrown [s\open\src\hotspot\share\interpreter\linkResolver.cpp, line 773]
Event: 5.500 Thread 0x000001fc3efbdcf0 Exception <a 'java/lang/NoSuchMethodError'{0x000000008d1b10e8}: 'java.lang.Object java.lang.invoke.Invokers$Holder.linkToTargetMethod(java.lang.Object, java.lang.Object, java.lang.Object, java.lang.Object, java.lang.Object, java.lang.Object, java.lang.Object, java.lang.Object, java.lang.Object, java.lang.Object, java.lang.Object, java.lang.Object)'> (0x000000008d1b10e8) 
thrown [s\open\src\hotspot\share\interpreter\linkResolver.cpp, line 773]
Event: 5.513 Thread 0x000001fc3efbdcf0 Exception <a 'java/lang/IncompatibleClassChangeError'{0x000000008d0a3600}: Found class java.lang.Object, but interface was expected> (0x000000008d0a3600) 
thrown [s\open\src\hotspot\share\interpreter\linkResolver.cpp, line 840]
Event: 5.537 Thread 0x000001fc3efbdcf0 Exception <a 'java/lang/IncompatibleClassChangeError'{0x000000008cea25e0}: Found class java.lang.Object, but interface was expected> (0x000000008cea25e0) 
thrown [s\open\src\hotspot\share\interpreter\linkResolver.cpp, line 840]
Event: 5.638 Thread 0x000001fc3efbdcf0 Exception <a 'java/io/IOException'{0x0000000090a35858}: Connection reset by peer> (0x0000000090a35858) 
thrown [s\open\src\hotspot\share\prims\jni.cpp, line 539]
Event: 5.640 Thread 0x000001fc3efbdcf0 Exception <a 'java/io/IOException'{0x0000000090a3ebe0}: Connection reset by peer> (0x0000000090a3ebe0) 
thrown [s\open\src\hotspot\share\prims\jni.cpp, line 539]
Event: 5.640 Thread 0x000001fc3efbdcf0 Exception <a 'java/io/IOException'{0x0000000090a43cf8}: Connection reset by peer> (0x0000000090a43cf8) 
thrown [s\open\src\hotspot\share\prims\jni.cpp, line 539]
Event: 5.640 Thread 0x000001fc3efbdcf0 Exception <a 'java/io/IOException'{0x0000000090a48c78}: Connection reset by peer> (0x0000000090a48c78) 
thrown [s\open\src\hotspot\share\prims\jni.cpp, line 539]
Event: 5.641 Thread 0x000001fc3efbdcf0 Exception <a 'java/io/IOException'{0x0000000090a4dd88}: Connection reset by peer> (0x0000000090a4dd88) 
thrown [s\open\src\hotspot\share\prims\jni.cpp, line 539]
Event: 5.641 Thread 0x000001fc3efbdcf0 Exception <a 'java/io/IOException'{0x0000000090a52cf8}: Connection reset by peer> (0x0000000090a52cf8) 
thrown [s\open\src\hotspot\share\prims\jni.cpp, line 539]
Event: 6.477 Thread 0x000001fc3efbdcf0 Exception <a 'java/lang/NoSuchMethodError'{0x000000008e34a808}: 'void java.lang.invoke.Invokers$Holder.invokeExact_MT(java.lang.Object, java.lang.Object, java.lang.Object, java.lang.Object)'> (0x000000008e34a808) 
thrown [s\open\src\hotspot\share\interpreter\linkResolver.cpp, line 773]
Event: 6.509 Thread 0x000001fc3efbdcf0 Exception <a 'java/lang/IncompatibleClassChangeError'{0x000000008e0797d0}: Found class java.lang.Object, but interface was expected> (0x000000008e0797d0) 
thrown [s\open\src\hotspot\share\interpreter\linkResolver.cpp, line 840]
Event: 6.537 Thread 0x000001fc3efbdcf0 Exception <a 'java/lang/IncompatibleClassChangeError'{0x000000008def9b08}: Found class java.lang.Object, but interface was expected> (0x000000008def9b08) 
thrown [s\open\src\hotspot\share\interpreter\linkResolver.cpp, line 840]
Event: 6.710 Thread 0x000001fc3efbdcf0 Exception <a 'java/lang/IncompatibleClassChangeError'{0x000000008ce072e8}: Found class java.lang.Object, but interface was expected> (0x000000008ce072e8) 
thrown [s\open\src\hotspot\share\interpreter\linkResolver.cpp, line 840]
Event: 6.722 Thread 0x000001fc3efbdcf0 Exception <a 'java/lang/IncompatibleClassChangeError'{0x000000008cedbb68}: Found class java.lang.Object, but interface was expected> (0x000000008cedbb68) 
thrown [s\open\src\hotspot\share\interpreter\linkResolver.cpp, line 840]
Event: 7.976 Thread 0x000001fc3efbdcf0 Exception <a 'java/lang/NoSuchMethodError'{0x000000008da7cd78}: 'java.lang.Object java.lang.invoke.DirectMethodHandle$Holder.invokeInterface(java.lang.Object, java.lang.Object, java.lang.Object, java.lang.Object)'> (0x000000008da7cd78) 
thrown [s\open\src\hotspot\share\interpreter\linkResolver.cpp, line 773]
Event: 7.992 Thread 0x000001fc3efbdcf0 Exception <a 'java/lang/NoSuchMethodError'{0x000000008d9e45a8}: 'java.lang.Object java.lang.invoke.DirectMethodHandle$Holder.newInvokeSpecial(java.lang.Object, java.lang.Object, java.lang.Object, java.lang.Object, java.lang.Object, java.lang.Object, java.lang.Object, java.lang.Object, java.lang.Object, java.lang.Object, java.lang.Object)'> (0x000000008d9e45a8) 
thrown [s\open\src\hotspot\share\interpreter\linkResolver.cpp, line 773]
Event: 9.062 Thread 0x000001fc3efbdcf0 Exception <a 'java/lang/NoSuchMethodError'{0x000000008d3bcf28}: 'java.lang.Object java.lang.invoke.DirectMethodHandle$Holder.invokeVirtual(java.lang.Object, java.lang.Object, java.lang.Object, int)'> (0x000000008d3bcf28) 
thrown [s\open\src\hotspot\share\interpreter\linkResolver.cpp, line 773]

ZGC Phase Switch (0 events):
No events

VM Operations (20 events):
Event: 5.620 Executing VM operation: G1PauseCleanup done
Event: 5.636 Executing VM operation: HandshakeAllThreads (Deoptimize)
Event: 5.636 Executing VM operation: HandshakeAllThreads (Deoptimize) done
Event: 6.567 Executing VM operation: HandshakeAllThreads (Deoptimize)
Event: 6.567 Executing VM operation: HandshakeAllThreads (Deoptimize) done
Event: 6.612 Executing VM operation: HandshakeAllThreads (Deoptimize)
Event: 6.612 Executing VM operation: HandshakeAllThreads (Deoptimize) done
Event: 6.612 Executing VM operation: HandshakeAllThreads (Deoptimize)
Event: 6.612 Executing VM operation: HandshakeAllThreads (Deoptimize) done
Event: 6.761 Executing VM operation: G1CollectForAllocation (G1 Evacuation Pause)
Event: 6.764 Executing VM operation: G1CollectForAllocation (G1 Evacuation Pause) done
Event: 7.780 Executing VM operation: Cleanup
Event: 7.872 Executing VM operation: Cleanup done
Event: 7.879 Executing VM operation: HandshakeAllThreads (Deoptimize)
Event: 7.879 Executing VM operation: HandshakeAllThreads (Deoptimize) done
Event: 8.882 Executing VM operation: Cleanup
Event: 9.023 Executing VM operation: Cleanup done
Event: 10.035 Executing VM operation: Cleanup
Event: 10.097 Executing VM operation: Cleanup done
Event: 11.101 Executing VM operation: Cleanup

Events (20 events):
Event: 5.639 Thread 0x000001fc9b7244e0 Thread added: 0x000001fc9b7244e0
Event: 5.869 Thread 0x000001fc50630870 Thread added: 0x000001fc50630870
Event: 5.873 Thread 0x000001fc50630870 Thread exited: 0x000001fc50630870
Event: 6.330 Thread 0x000001fc964d7430 Thread exited: 0x000001fc964d7430
Event: 6.374 Thread 0x000001fc50631590 Thread added: 0x000001fc50631590
Event: 6.379 Thread 0x000001fc50631590 Thread exited: 0x000001fc50631590
Event: 6.881 Thread 0x000001fc96b65e50 Thread added: 0x000001fc96b65e50
Event: 6.884 Thread 0x000001fc96b65e50 Thread exited: 0x000001fc96b65e50
Event: 7.386 Thread 0x000001fc96b65e50 Thread added: 0x000001fc96b65e50
Event: 7.389 Thread 0x000001fc96b65e50 Thread exited: 0x000001fc96b65e50
Event: 7.891 Thread 0x000001fc96b65e50 Thread added: 0x000001fc96b65e50
Event: 7.894 Thread 0x000001fc96b65e50 Thread exited: 0x000001fc96b65e50
Event: 9.022 Thread 0x000001fc9cdbaf80 Thread added: 0x000001fc9cdbaf80
Event: 9.026 Thread 0x000001fc9cdbaf80 Thread exited: 0x000001fc9cdbaf80
Event: 9.026 Thread 0x000001fc964d2560 Thread exited: 0x000001fc964d2560
Event: 9.527 Thread 0x000001fc9cdbb610 Thread added: 0x000001fc9cdbb610
Event: 10.098 Thread 0x000001fc9cdbb610 Thread exited: 0x000001fc9cdbb610
Event: 10.600 Thread 0x000001fc9cdbb610 Thread added: 0x000001fc9cdbb610
Event: 10.603 Thread 0x000001fc9cdbb610 Thread exited: 0x000001fc9cdbb610
Event: 10.654 Thread 0x000001fc9b7244e0 Thread exited: 0x000001fc9b7244e0


Dynamic libraries:
0x00007ff717c20000 - 0x00007ff717c30000 	C:\Program Files\Java\jdk-21.0.10\bin\java.exe
0x00007ff8e81a0000 - 0x00007ff8e8407000 	C:\WINDOWS\SYSTEM32\ntdll.dll
0x00007ff8e6160000 - 0x00007ff8e6229000 	C:\WINDOWS\System32\KERNEL32.DLL
0x00007ff8e5a90000 - 0x00007ff8e5e7f000 	C:\WINDOWS\System32\KERNELBASE.dll
0x00007ff8e5420000 - 0x00007ff8e556b000 	C:\WINDOWS\System32\ucrtbase.dll
0x00007ff8c28e0000 - 0x00007ff8c28f9000 	C:\Program Files\Java\jdk-21.0.10\bin\jli.dll
0x00007ff8e6230000 - 0x00007ff8e62e4000 	C:\WINDOWS\System32\ADVAPI32.dll
0x00007ff8e6e00000 - 0x00007ff8e6ea9000 	C:\WINDOWS\System32\msvcrt.dll
0x00007ff8e8080000 - 0x00007ff8e8126000 	C:\WINDOWS\System32\sechost.dll
0x00007ff8c28c0000 - 0x00007ff8c28de000 	C:\Program Files\Java\jdk-21.0.10\bin\VCRUNTIME140.dll
0x00007ff8e6040000 - 0x00007ff8e6158000 	C:\WINDOWS\System32\RPCRT4.dll
0x00007ff8e62f0000 - 0x00007ff8e64b5000 	C:\WINDOWS\System32\USER32.dll
0x00007ff8d7950000 - 0x00007ff8d7be3000 	C:\WINDOWS\WinSxS\amd64_microsoft.windows.common-controls_6595b64144ccf1df_6.0.26100.7309_none_3e05feeae336a044\COMCTL32.dll
0x00007ff8e58f0000 - 0x00007ff8e5917000 	C:\WINDOWS\System32\win32u.dll
0x00007ff8e7090000 - 0x00007ff8e70bb000 	C:\WINDOWS\System32\GDI32.dll
0x00007ff8e52f0000 - 0x00007ff8e541c000 	C:\WINDOWS\System32\gdi32full.dll
0x00007ff8e5840000 - 0x00007ff8e58e3000 	C:\WINDOWS\System32\msvcp_win.dll
0x00007ff8de560000 - 0x00007ff8de56b000 	C:\WINDOWS\SYSTEM32\VERSION.dll
0x00007ff8e64d0000 - 0x00007ff8e6501000 	C:\WINDOWS\System32\IMM32.DLL
0x00007ff8bc890000 - 0x00007ff8bc89c000 	C:\Program Files\Java\jdk-21.0.10\bin\vcruntime140_1.dll
0x00007ff89d3a0000 - 0x00007ff89d42d000 	C:\Program Files\Java\jdk-21.0.10\bin\msvcp140.dll
0x00007ff8414f0000 - 0x00007ff842217000 	C:\Program Files\Java\jdk-21.0.10\bin\server\jvm.dll
0x00007ff8e8000000 - 0x00007ff8e8074000 	C:\WINDOWS\System32\WS2_32.dll
0x00007ff8e5150000 - 0x00007ff8e51ae000 	C:\WINDOWS\SYSTEM32\POWRPROF.dll
0x00007ff8de520000 - 0x00007ff8de555000 	C:\WINDOWS\SYSTEM32\WINMM.dll
0x00007ff8e5130000 - 0x00007ff8e5144000 	C:\WINDOWS\SYSTEM32\UMPDC.dll
0x00007ff8e40a0000 - 0x00007ff8e40bb000 	C:\WINDOWS\SYSTEM32\kernel.appcore.dll
0x00007ff8bc850000 - 0x00007ff8bc85a000 	C:\Program Files\Java\jdk-21.0.10\bin\jimage.dll
0x00007ff8de840000 - 0x00007ff8dea82000 	C:\WINDOWS\SYSTEM32\DBGHELP.DLL
0x00007ff8e72a0000 - 0x00007ff8e7626000 	C:\WINDOWS\System32\combase.dll
0x00007ff8e6eb0000 - 0x00007ff8e6f86000 	C:\WINDOWS\System32\OLEAUT32.dll
0x00007ff8d5830000 - 0x00007ff8d586c000 	C:\WINDOWS\SYSTEM32\dbgcore.DLL
0x00007ff8e5e90000 - 0x00007ff8e5f35000 	C:\WINDOWS\System32\bcryptPrimitives.dll
0x00007ff8c65a0000 - 0x00007ff8c65dc000 	C:\Program Files\Java\jdk-21.0.10\bin\jdwp.dll
0x00007ff8bc840000 - 0x00007ff8bc850000 	C:\Program Files\Java\jdk-21.0.10\bin\instrument.dll
0x00007ff8bab80000 - 0x00007ff8baba1000 	C:\Program Files\Java\jdk-21.0.10\bin\java.dll
0x00007ff8a3b10000 - 0x00007ff8a3d21000 	C:\Users\Rayhan_Bhuya\AppData\Local\Temp\idea_libasyncProfiler_dll_temp_folder2\libasyncProfiler.dll
0x00007ff8bc800000 - 0x00007ff8bc818000 	C:\Program Files\Java\jdk-21.0.10\bin\zip.dll
0x00007ff8e7890000 - 0x00007ff8e7fe3000 	C:\WINDOWS\System32\SHELL32.dll
0x00007ff8e5920000 - 0x00007ff8e5a8a000 	C:\WINDOWS\System32\wintypes.dll
0x00007ff8e2f30000 - 0x00007ff8e378e000 	C:\WINDOWS\SYSTEM32\windows.storage.dll
0x00007ff8e5f40000 - 0x00007ff8e6035000 	C:\WINDOWS\System32\SHCORE.dll
0x00007ff8e7710000 - 0x00007ff8e7776000 	C:\WINDOWS\System32\shlwapi.dll
0x00007ff8e5210000 - 0x00007ff8e5239000 	C:\WINDOWS\SYSTEM32\profapi.dll
0x00007ff8dc2b0000 - 0x00007ff8dc2bc000 	C:\Program Files\Java\jdk-21.0.10\bin\dt_socket.dll
0x00007ff8e3ab0000 - 0x00007ff8e3ae4000 	C:\WINDOWS\SYSTEM32\IPHLPAPI.DLL
0x00007ff8e4610000 - 0x00007ff8e467b000 	C:\WINDOWS\system32\mswsock.dll
0x00007ff8a36e0000 - 0x00007ff8a36f1000 	C:\Program Files\Java\jdk-21.0.10\bin\net.dll
0x00007ff8df6e0000 - 0x00007ff8df808000 	C:\WINDOWS\SYSTEM32\WINHTTP.dll
0x00007ff8a0c10000 - 0x00007ff8a0c26000 	C:\Program Files\Java\jdk-21.0.10\bin\nio.dll
0x00007ff8e3b40000 - 0x00007ff8e3c6c000 	C:\WINDOWS\SYSTEM32\DNSAPI.dll
0x00007ff8e64c0000 - 0x00007ff8e64ca000 	C:\WINDOWS\System32\NSI.dll
0x00007ff8d85b0000 - 0x00007ff8d85bb000 	C:\Windows\System32\rasadhlp.dll
0x00007ff8dc390000 - 0x00007ff8dc416000 	C:\WINDOWS\System32\fwpuclnt.dll
0x00007ff89ff90000 - 0x00007ff89ff9a000 	C:\Program Files\Java\jdk-21.0.10\bin\management.dll
0x00007ff89ff80000 - 0x00007ff89ff8c000 	C:\Program Files\Java\jdk-21.0.10\bin\management_ext.dll
0x00007ff8e7780000 - 0x00007ff8e7788000 	C:\WINDOWS\System32\PSAPI.DLL
0x00007ff8e48d0000 - 0x00007ff8e48eb000 	C:\WINDOWS\SYSTEM32\CRYPTSP.dll
0x00007ff8e4000000 - 0x00007ff8e403a000 	C:\WINDOWS\system32\rsaenh.dll
0x00007ff8e46c0000 - 0x00007ff8e46eb000 	C:\WINDOWS\SYSTEM32\USERENV.dll
0x00007ff8e51e0000 - 0x00007ff8e520a000 	C:\WINDOWS\SYSTEM32\bcrypt.dll
0x00007ff8e48f0000 - 0x00007ff8e48fc000 	C:\WINDOWS\SYSTEM32\CRYPTBASE.dll
0x00007ff8d1ad0000 - 0x00007ff8d1ae8000 	C:\WINDOWS\system32\napinsp.dll
0x00007ff8d27d0000 - 0x00007ff8d27e2000 	C:\WINDOWS\System32\winrnr.dll
0x00007ff8d29d0000 - 0x00007ff8d29f2000 	C:\WINDOWS\system32\nlansp_c.dll
0x00007ff8d29b0000 - 0x00007ff8d29c6000 	C:\WINDOWS\system32\wshbth.dll
0x00007ff89fae0000 - 0x00007ff89fae9000 	C:\Program Files\Java\jdk-21.0.10\bin\extnet.dll
0x00007ff89ee70000 - 0x00007ff89ee7e000 	C:\Program Files\Java\jdk-21.0.10\bin\sunmscapi.dll
0x00007ff8e56c0000 - 0x00007ff8e5837000 	C:\WINDOWS\System32\CRYPT32.dll
0x00007ff8e4af0000 - 0x00007ff8e4b20000 	C:\WINDOWS\SYSTEM32\ncrypt.dll
0x00007ff8e4aa0000 - 0x00007ff8e4adf000 	C:\WINDOWS\SYSTEM32\NTASN1.dll

dbghelp: loaded successfully - version: 4.0.5 - missing functions: none
symbol engine: initialized successfully - sym options: 0x614 - pdb path: .;C:\Program Files\Java\jdk-21.0.10\bin;C:\WINDOWS\SYSTEM32;C:\WINDOWS\WinSxS\amd64_microsoft.windows.common-controls_6595b64144ccf1df_6.0.26100.7309_none_3e05feeae336a044;C:\Program Files\Java\jdk-21.0.10\bin\server;C:\Users\Rayhan_Bhuya\AppData\Local\Temp\idea_libasyncProfiler_dll_temp_folder2

VM Arguments:
jvm_args: -agentlib:jdwp=transport=dt_socket,address=127.0.0.1:1904,suspend=y,server=n -javaagent:C:\Users\Rayhan_Bhuya\AppData\Local\JetBrains\IntelliJIdea2025.2\captureAgent\debugger-agent.jar=file:///C:/Users/RAYHAN~1/AppData/Local/Temp/capture16718181190937107834.props -agentpath:C:\Users\Rayhan_Bhuya\AppData\Local\Temp\idea_libasyncProfiler_dll_temp_folder2\libasyncProfiler.dll=version,jfr,event=wall,interval=10ms,cstack=no,file=C:\Users\Rayhan_Bhuya\IdeaSnapshots\DeliveryBackendApplication_2026_02_21_235309.jfr,dbghelppath=C:\Users\Rayhan_Bhuya\AppData\Local\Temp\idea_dbghelp_dll_temp_folder1\dbghelp.dll,log=C:\Users\Rayhan_Bhuya\AppData\Local\Temp\DeliveryBackendApplication_2026_02_21_235309.jfr.log.txt,logLevel=DEBUG -XX:TieredStopAtLevel=1 -Dspring.output.ansi.enabled=always -Dcom.sun.management.jmxremote -Dspring.jmx.enabled=true -Dspring.liveBeansView.mbeanDomain -Dspring.application.admin.enabled=true -Dmanagement.endpoints.jmx.exposure.include=* -Dkotlinx.coroutines.debug.enable.creation.stack.trace=false -Ddebugger.agent.enable.coroutines=true -Dkotlinx.coroutines.debug.enable.flows.stack.trace=true -Dkotlinx.coroutines.debug.enable.mutable.state.flows.stack.trace=true -Dfile.encoding=UTF-8 -Dsun.stdout.encoding=UTF-8 -Dsun.stderr.encoding=UTF-8 
java_command: kn.org.deliverybackend.DeliveryBackendApplication
java_class_path (initial): D:\OrderCategory\delivery-backend\build\classes\java\main;D:\OrderCategory\delivery-backend\build\resources\main;C:\Users\Rayhan_Bhuya\.gradle\caches\modules-2\files-2.1\org.projectlombok\lombok\1.18.42\8365263844ebb62398e0dc33057ba10ba472d3b8\lombok-1.18.42.jar;C:\Users\Rayhan_Bhuya\.gradle\caches\modules-2\files-2.1\org.mapstruct\mapstruct-processor\1.5.5.Final\897f6f115930b936287bef552bf5fe28cc64717d\mapstruct-processor-1.5.5.Final.jar;C:\Users\Rayhan_Bhuya\.gradle\caches\modules-2\files-2.1\org.projectlombok\lombok-mapstruct-binding\0.2.0\2f1cf9ced7b720ba4996c942b816669e63f0fa4f\lombok-mapstruct-binding-0.2.0.jar;C:\Users\Rayhan_Bhuya\.gradle\caches\modules-2\files-2.1\org.springframework.boot\spring-boot-starter-data-jpa\4.0.2\9a0d38da3839a394509639490e6b9a359bfafdd6\spring-boot-starter-data-jpa-4.0.2.jar;C:\Users\Rayhan_Bhuya\.gradle\caches\modules-2\files-2.1\org.springframework.boot\spring-boot-starter-webmvc\4.0.2\90563663cdd252544fd7a8139d1c853740d8e61c\spring-boot-starter-webmvc-4.0.2.jar;C:\Users\Rayhan_Bhuya\.gradle\caches\modules-2\files-2.1\org.springframework.boot\spring-boot-starter-validation\4.0.2\f4f23a7ac8485d50ef613a2b06812fd0f43ee083\spring-boot-starter-validation-4.0.2.jar;C:\Users\Rayhan_Bhuya\.gradle\caches\modules-2\files-2.1\org.mapstruct\mapstruct\1.5.5.Final\2ca3cbe39b6e9ea8d5ea521965a89bef2a1e8eeb\mapstruct-1.5.5.Final.jar;C:\Users\Rayhan_Bhuya\.gradle\caches\modules-2\files-2.1\io.minio\minio\8.5.12\669d478e02466dcc9d7a9180d37756f3554c55bb\minio-8.5.12.jar;C:\Users\Rayhan_Bhuya\.gradle\caches\modules-2\files-2.1\org.springframework.boot\spring-boot-starter-jdbc\4.0.2\efd302be4a4649886d65264cb919b124ade91d8f\spring-boot-starter-jdbc-4.0.2.jar;C:\Users\Rayhan_Bhuya\.gradle\caches\modules-2\files-2.1\org.springframework.boot\spring-boot-starter\4.0.2\d31987d4c1f6af48db2a53605829780365354e85\spring-boot-starter-4.0.2.jar;C:\Users\Rayhan_Bhuya\.gradle\caches\modules-2\files-2.1\org.springframework.boot\spring-boot-data-jpa\4.0.2\9764a8f9597078e4d1a04ee9cb7622ce5ef7ebf7\spring-boot-data-jpa-4.0.2.jar;C:\Users\Rayhan_Bhuya\.gradle\caches\modules-2\files-2.1\org.springframework.boot\spring-boot-jdbc\4.0.2\7943e2876d6c214eefb13d4fa4af806d5efc4204\spring-boot-jdbc-4.0.2.jar;C:\Users\Rayhan_Bhuya\.gradle\caches\modules-2\files-2.1\org.springframework.boot\spring-boot-starter-jackson\4.0.2\9e75c7cb0b8ea189acb51cd2d2f25a165746b82b\spring-boot-starter-jackson-4.0.2.jar;C:\Users\Rayhan_Bhuya\.gradle\caches\modules-2\files-2.1\org.springframework.boot\spring-boot-starter-tomcat\4.0.2\fbe3d2c53b91570c1570e3a6150df6373aa2aa93\spring-boot-starter-tomcat-4.0.2.jar;C:\Users\Rayhan_Bhuya\.gradle\caches\modules-2\files-2.1\org.springframework.boot\spring-boot-http-converter\4.0.2\672071db26ae74b433505a3d52e45cf6effcff70\spring-boot-http-converter-4.0.2.jar;C:\Users\Rayhan_Bhuya\.gradle\caches\modules-2\files-2.1\org.springframework.boot\spring-boot-webmvc\4.0.2\38e00eed171a003cd00ca1f55a453e0cc8c5529e\spring-boot-webmvc-4.0.2.jar;C:\Users\Rayhan_Bhuya\.gradle\caches\modules-2\files-2.1\org.springframework.boot\spring-boot-validation\4.0.2\f10acba71e076b3d3606ef334fe8d55de107cd2a\spring-boot-validation-4.0.2.jar;C:\Users\Rayhan_Bhuya\.gradle\caches\modules-2\files-2.1\com.carrotsearch.thirdparty\simple-xml-safe\2.7.1\45fda5ac6087bc82a209d8cdb73f8d0dbdcfc7b\simple-xml-safe-2.7.1.jar;C:\Users\Rayhan_Bhuya\.gradle\caches\modules-2\files-2.1\com.google.guava\guava\33.0.0-jre\161ba27964a62f241533807a46b8711b13c1d94b\guava-33.0.0-jre.jar;C:\Users\Rayhan_Bhuya\.gradle\caches\modules-2\files-2.1\com.squareup.okhttp3\okhttp\4.12.0\2f4525d4a200e97e1b87449c2cd9bd2e25b7e8cd\okhttp-4.12.0.jar;C:\Users\Rayhan_Bhuya\.gradle\caches\modules-2\files-2.1\com.fasterxml.jackson.core\jackson-core\2.20.2\615d3bd6d47b569e93d2ad45423f93ca9b002d73\jackson-core-2.20.2.jar;C:\Users\Rayhan_Bhuya\.gradle\caches\modules-2\files-2.1\com.fasterxml.jackson.core\jackson-databind\2.20.2\257229ed4142d1b01a46b71105fd016e9cf7063e\jackson-databind-2.20.2.jar;C:\Users\Rayhan_Bhuya\.gradle\caches\modules-2\files-2.1\com.fasterxml.jackson.core\jackson-annotations\2.20\6a5e7291ea3f2b590a7ce400adb7b3aea4d7e12c\jackson-annotations-2.20.jar;C:\Users\Rayhan_Bhuya\.gradle\caches\modules-2\files-2.1\org.bouncycastle\bcprov-jdk18on\1.78\619aafb92dc0b4c6cc4cf86c487ca48ee2d67a8e\bcprov-jdk18on-1.78.jar;C:\Users\Rayhan_Bhuya\.gradle\caches\modules-2\files-2.1\org.apache.commons\commons-compress\1.26.0\659feffdd12280201c8aacb8f7be94f9a883c824\commons-compress-1.26.0.jar;C:\Users\Rayhan_Bhuya\.gradle\caches\modules-2\files-2.1\commons-codec\commons-codec\1.19.0\8c0dbe3ae883fceda9b50a6c76e745e548073388\commons-codec-1.19.0.jar;C:\Users\Rayhan_Bhuya\.gradle\caches\modules-2\files-2.1\org.xerial.snappy\snappy-java\1.1.10.5\ac605269f3598506196e469f1fb0d7ed5c55059e\snappy-java-1.1.10.5.jar;C:\Users\Rayhan_Bhuya\.gradle\caches\modules-2\files-2.1\com.zaxxer\HikariCP\7.0.2\c2b43c946b86a14a96342379e22b004c56c6166d\HikariCP-7.0.2.jar;C:\Users\Rayhan_Bhuya\.gradle\caches\modules-2\files-2.1\org.springframework.boot\spring-boot-starter-logging\4.0.2\96f2e505eb788327b3b170bf965427eecb0717f\spring-boot-starter-logging-4.0.2.jar;C:\Users\Rayhan_Bhuya\.gradle\caches\modules-2\files-2.1\org.springframework.boot\spring-boot-autoconfigure\4.0.2\ce065b8656d0d5cdf845f1d03244f7199af806e8\spring-boot-autoconfigure-4.0.2.jar;C:\Users\Rayhan_Bhuya\.gradle\caches\modules-2\files-2.1\jakarta.annotation\jakarta.annotation-api\3.0.0\54f928fadec906a99d558536756d171917b9d936\jakarta.annotation-api-3.0.0.jar;C:\Users\Rayhan_Bhuya\.gradle\caches\modules-2\files-2.1\org.yaml\snakeyaml\2.5\2d53ddec134280cb384c1e35d094e5f71c1f2316\snakeyaml-2.5.jar;C:\Users\Rayhan_Bhuya\.gradle\caches\modules-2\files-2.1\org.springframework.boot\spring-boot-hibernate\4.0.2\f0d9e86181d0309e8fc0a691ff7ebc002f44044c\spring-boot-hibernate-4.0.2.jar;C:\Users\Rayhan_Bhuya\.gradle\caches\modules-2\files-2.1\org.springframework.data\spring-data-jpa\4.0.2\e59f0e479f49b4754b6c1cbb845534978fe2893c\spring-data-jpa-4.0.2.jar;C:\Users\Rayhan_Bhuya\.gradle\caches\modules-2\files-2.1\org.springframework.boot\spring-boot-data-commons\4.0.2\6d3335e2fe45e4b97eb4f43440643e109e3b5cf9\spring-boot-data-commons-4.0.2.jar;C:\Users\Rayhan_Bhuya\.gradle\caches\modules-2\files-2.1\org.springframework\spring-aspects\7.0.3\f457f2a458f24ce92abc8f9874e975e301c995e\spring-aspects-7.0.3.jar;C:\Users\Rayhan_Bhuya\.gradle\caches\modules-2\files-2.1\org.springframework.boot\spring-boot-sql\4.0.2\4261e51e004e30c1665aea02d6bc25f980954045\spring-boot-sql-4.0.2.jar;C:\Users\Rayhan_Bhuya\.gradle\caches\modules-2\files-2.1\org.springframework.boot\spring-boot-transaction\4.0.2\44419ec1117ee2b0309bb904ccb26a285162e888\spring-boot-transaction-4.0.2.jar;C:\Users\Rayhan_Bhuya\.gradle\caches\modules-2\files-2.1\org.springframework.boot\spring-boot\4.0.2\577e8d07510cf827be02b0dcd080356978b11616\spring-boot-4.0.2.jar;C:\Users\Rayhan_Bhuya\.gradle\caches\modules-2\files-2.1\org.springframework\spring-jdbc\7.0.3\2027c81e12ec380ece0148b7afb59ce11b6762a6\spring-jdbc-7.0.3.jar;C:\Users\Rayhan_Bhuya\.gradle\caches\modules-2\files-2.1\org.springframework.boot\spring-boot-jackson\4.0.2\549b2611516613132380ba746326cf2222474c77\spring-boot-jackson-4.0.2.jar;C:\Users\Rayhan_Bhuya\.gradle\caches\modules-2\files-2.1\org.springframework.boot\spring-boot-starter-tomcat-runtime\4.0.2\1721a88cfff65f7589b8078fa83722da787112a0\spring-boot-starter-tomcat-runtime-4.0.2.jar;C:\Users\Rayhan_Bhuya\.gradle\caches\modules-2\files-2.1\org.springframework.boot\spring-boot-tomcat\4.0.2\11d5828b1a9efb6e256f145b1107cc46b64d41a\spring-boot-tomcat-4.0.2.jar;C:\Users\Rayhan_Bhuya\.gradle\caches\modules-2\files-2.1\org.springframework\spring-web\7.0.3\3bcdb4075e17a56b148f69fe0d83a4c0662d9258\spring-web-7.0.3.jar;C:\Users\Rayhan_Bhuya\.gradle\caches\modules-2\files-2.1\org.springframework.boot\spring-boot-servlet\4.0.2\5cc904d6830095195c1d72b9425c670f45c9aaad\spring-boot-servlet-4.0.2.jar;C:\Users\Rayhan_Bhuya\.gradle\caches\modules-2\files-2.1\org.springframework\spring-webmvc\7.0.3\8ceb3c7d21b317e87be72c0ba61fcab46b992b29\spring-webmvc-7.0.3.jar;C:\Users\Rayhan_Bhuya\.gradle\caches\modules-2\files-2.1\org.apache.tomcat.embed\tomcat-embed-el\11.0.15\f20bc5f17baa18abeca76a640ad774d6f80a265b\tomcat-embed-el-11.0.15.jar;C:\Users\Rayhan_Bhuya\.gradle\caches\modules-2\files-2.1\org.hibernate.validator\hibernate-validator\9.0.1.Final\28c0e41ecc84d1f0b8b6d81d16e0784e63364e68\hibernate-validator-9.0.1.Final.jar;C:\Users\Rayhan_Bhuya\.gradle\caches\modules-2\files-2.1\com.google.guava\failureaccess\1.0.2\c4a06a64e650562f30b7bf9aaec1bfed43aca12b\failureaccess-1.0.2.jar;C:\Users\Rayhan_Bhuya\.gradle\caches\modules-2\files-2.1\com.google.guava\listenablefuture\9999.0-empty-to-avoid-conflict-with-guava\b421526c5f297295adef1c886e5246c39d4ac629\listenablefuture-9999.0-empty-to-avoid-conflict-with-guava.jar;C:\Users\Rayhan_Bhuya\.gradle\caches\modules-2\files-2.1\com.google.code.findbugs\jsr305\3.0.2\25ea2e8b0c338a877313bd4672d3fe056ea78f0d\jsr305-3.0.2.jar;C:\Users\Rayhan_Bhuya\.gradle\caches\modules-2\files-2.1\org.checkerframework\checker-qual\3.41.0\8be6df7f1e9bccb19f8f351b3651f0bac2f5e0c\checker-qual-3.41.0.jar;C:\Users\Rayhan_Bhuya\.gradle\caches\modules-2\files-2.1\com.google.errorprone\error_prone_annotations\2.38.0\fc0ae991433e8590ba51cd558421478318a74c8c\error_prone_annotations-2.38.0.jar;C:\Users\Rayhan_Bhuya\.gradle\caches\modules-2\files-2.1\com.google.j2objc\j2objc-annotations\2.8\c85270e307e7b822f1086b93689124b89768e273\j2objc-annotations-2.8.jar;C:\Users\Rayhan_Bhuya\.gradle\caches\modules-2\files-2.1\org.jetbrains.kotlin\kotlin-stdlib-jdk8\2.2.21\b918b7be03d769ff9b0a3567aaa930e7b8b8a0a6\kotlin-stdlib-jdk8-2.2.21.jar;C:\Users\Rayhan_Bhuya\.gradle\caches\modules-2\files-2.1\commons-io\commons-io\2.15.1\f11560da189ab563a5c8e351941415430e9304ea\commons-io-2.15.1.jar;C:\Users\Rayhan_Bhuya\.gradle\caches\modules-2\files-2.1\org.apache.commons\commons-lang3\3.19.0\d6524b169a6574cd253760c472d419b47bfd37e6\commons-lang3-3.19.0.jar;C:\Users\Rayhan_Bhuya\.gradle\caches\modules-2\files-2.1\org.slf4j\slf4j-api\2.0.17\d9e58ac9c7779ba3bf8142aff6c830617a7fe60f\slf4j-api-2.0.17.jar;C:\Users\Rayhan_Bhuya\.gradle\caches\modules-2\files-2.1\org.apache.logging.log4j\log4j-to-slf4j\2.25.3\30adfb40cca243ec88cf7ec1fddb411ab55faa4f\log4j-to-slf4j-2.25.3.jar;C:\Users\Rayhan_Bhuya\.gradle\caches\modules-2\files-2.1\ch.qos.logback\logback-classic\1.5.25\20c4bbe98fb58f50ee1ca6befd7e7731f13a19d3\logback-classic-1.5.25.jar;C:\Users\Rayhan_Bhuya\.gradle\caches\modules-2\files-2.1\org.slf4j\jul-to-slf4j\2.0.17\524cb6ccc2b68a57604750e1ab8b13b5a786a6aa\jul-to-slf4j-2.0.17.jar;C:\Users\Rayhan_Bhuya\.gradle\caches\modules-2\files-2.1\org.springframework.boot\spring-boot-jpa\4.0.2\8d720db0abba952808748f4e6afee8b36932e1ac\spring-boot-jpa-4.0.2.jar;C:\Users\Rayhan_Bhuya\.gradle\caches\modules-2\files-2.1\org.springframework\spring-orm\7.0.3\e082a6e2548b3dbd918d4d8ee67572a330087aa1\spring-orm-7.0.3.jar;C:\Users\Rayhan_Bhuya\.gradle\caches\modules-2\files-2.1\org.hibernate.orm\hibernate-core\7.2.1.Final\f51fc8e618bce4aeab0e848e84e6fa4e22a2cb64\hibernate-core-7.2.1.Final.jar;C:\Users\Rayhan_Bhuya\.gradle\caches\modules-2\files-2.1\org.springframework.data\spring-data-commons\4.0.2\833a27ea75a6b41786f7dc959fea24c00bfc46fd\spring-data-commons-4.0.2.jar;C:\Users\Rayhan_Bhuya\.gradle\caches\modules-2\files-2.1\org.springframework\spring-context\7.0.3\cea94cbc6244f0b4632cb4bb7608a1e4fab8afea\spring-context-7.0.3.jar;C:\Users\Rayhan_Bhuya\.gradle\caches\modules-2\files-2.1\org.springframework\spring-aop\7.0.3\b5eb117b9e8a84075a3db6e7e52ef2bc7b54163f\spring-aop-7.0.3.jar;C:\Users\Rayhan_Bhuya\.gradle\caches\modules-2\files-2.1\org.springframework\spring-tx\7.0.3\20da860c4c795f5c9f5dd1f3b2dbc4518cd724a6\spring-tx-7.0.3.jar;C:\Users\Rayhan_Bhuya\.gradle\caches\modules-2\files-2.1\org.springframework\spring-beans\7.0.3\b3b43093088fe139d78643bcfe8ee9374a0dd892\spring-beans-7.0.3.jar;C:\Users\Rayhan_Bhuya\.gradle\caches\modules-2\files-2.1\org.springframework\spring-core\7.0.3\2072a89e347c63567a83349eb5908131ce6ea601\spring-core-7.0.3.jar;C:\Users\Rayhan_Bhuya\.gradle\caches\modules-2\files-2.1\org.antlr\antlr4-runtime\4.13.2\fc3db6d844df652a3d5db31c87fa12757f13691d\antlr4-runtime-4.13.2.jar;C:\Users\Rayhan_Bhuya\.gradle\caches\modules-2\files-2.1\org.springframework.boot\spring-boot-persistence\4.0.2\2a208820229627230468e49f2742fa990e1319b1\spring-boot-persistence-4.0.2.jar;C:\Users\Rayhan_Bhuya\.gradle\caches\modules-2\files-2.1\org.aspectj\aspectjweaver\1.9.25.1\a713c790da4d794c7dfb542b550d4e44898d5e23\aspectjweaver-1.9.25.1.jar;C:\Users\Rayhan_Bhuya\.gradle\caches\modules-2\files-2.1\tools.jackson.core\jackson-databind\3.0.4\b5f818b0b9c79d344aede4b87064cc0e323f9ef2\jackson-databind-3.0.4.jar;C:\Users\Rayhan_Bhuya\.gradle\caches\modules-2\files-2.1\org.springframework.boot\spring-boot-web-server\4.0.2\1cfc0adecf312f1d94a837d7a3adabe9ae8b5594\spring-boot-web-server-4.0.2.jar;C:\Users\Rayhan_Bhuya\.gradle\caches\modules-2\files-2.1\org.apache.tomcat.embed\tomcat-embed-websocket\11.0.15\4c0eced7d97fe8404c722d5ff02757a05a6d5033\tomcat-embed-websocket-11.0.15.jar;C:\Users\Rayhan_Bhuya\.gradle\caches\modules-2\files-2.1\org.apache.tomcat.embed\tomcat-embed-core\11.0.15\aa20506537e3efa61afd6b57d79f9da6a55f37ae\tomcat-embed-core-11.0.15.jar;C:\Users\Rayhan_Bhuya\.gradle\caches\modules-2\files-2.1\io.micrometer\micrometer-observation\1.16.2\c076389e612fe3702628527c21a13743acafddfc\micrometer-observation-1.16.2.jar;C:\Users\Rayhan_Bhuya\.gradle\caches\modules-2\files-2.1\org.springframework\spring-expression\7.0.3\3fbdf8dc6a84d1f2c43c48c97e8220f29fab19d6\spring-expression-7.0.3.jar;C:\Users\Rayhan_Bhuya\.gradle\caches\modules-2\files-2.1\jakarta.validation\jakarta.validation-api\3.1.1\ec8622148afc5564235d17af80ea80288d0e7f92\jakarta.validation-api-3.1.1.jar;C:\Users\Rayhan_Bhuya\.gradle\caches\modules-2\files-2.1\org.jboss.logging\jboss-logging\3.6.1.Final\886afbb445b4016a37c8960a7aef6ebd769ce7e5\jboss-logging-3.6.1.Final.jar;C:\Users\Rayhan_Bhuya\.gradle\caches\modules-2\files-2.1\com.fasterxml\classmate\1.7.3\f61c7e7b81e9249b0f6a05914eff9d54fb09f4a0\classmate-1.7.3.jar;C:\Users\Rayhan_Bhuya\.gradle\caches\modules-2\files-2.1\com.squareup.okio\okio-jvm\3.6.0\5600569133b7bdefe1daf9ec7f4abeb6d13e1786\okio-jvm-3.6.0.jar;C:\Users\Rayhan_Bhuya\.gradle\caches\modules-2\files-2.1\org.jetbrains.kotlin\kotlin-stdlib-jdk7\2.2.21\e328a92364cf922b413ad28b70861e373aa6339c\kotlin-stdlib-jdk7-2.2.21.jar;C:\Users\Rayhan_Bhuya\.gradle\caches\modules-2\files-2.1\org.jetbrains.kotlin\kotlin-stdlib\2.2.21\fa374a986e128314c3db00a20aae55f72a258511\kotlin-stdlib-2.2.21.jar;C:\Users\Rayhan_Bhuya\.gradle\caches\modules-2\files-2.1\org.apache.logging.log4j\log4j-api\2.25.3\fb385330d89c2d61058ef649403f214633569205\log4j-api-2.25.3.jar;C:\Users\Rayhan_Bhuya\.gradle\caches\modules-2\files-2.1\org.jspecify\jspecify\1.0.0\7425a601c1c7ec76645a78d22b8c6a627edee507\jspecify-1.0.0.jar;C:\Users\Rayhan_Bhuya\.gradle\caches\modules-2\files-2.1\biz.aQute.bnd\biz.aQute.bnd.annotation\7.1.0\2f2be18c936d08cf46ea6cfa0043f34afdf38705\biz.aQute.bnd.annotation-7.1.0.jar;C:\Users\Rayhan_Bhuya\.gradle\caches\modules-2\files-2.1\org.osgi\org.osgi.annotation.bundle\2.0.0\f5c2cd6e670c3c5d440d3003efd5ef2ead5c68eb\org.osgi.annotation.bundle-2.0.0.jar;C:\Users\Rayhan_Bhuya\.gradle\caches\modules-2\files-2.1\org.osgi\org.osgi.annotation.versioning\1.1.2\dc3cd4ec96c0b3c5459fe00694bd73a816ecf93e\org.osgi.annotation.versioning-1.1.2.jar;C:\Users\Rayhan_Bhuya\.gradle\caches\modules-2\files-2.1\ch.qos.logback\logback-core\1.5.25\137f4ae0af7acaa0f9600a2ca18ddc9f3a0b899b\logback-core-1.5.25.jar;C:\Users\Rayhan_Bhuya\.gradle\caches\modules-2\files-2.1\jakarta.persistence\jakarta.persistence-api\3.2.0\bb75a113f3fa191c2c7ee7b206d8e674251b3129\jakarta.persistence-api-3.2.0.jar;C:\Users\Rayhan_Bhuya\.gradle\caches\modules-2\files-2.1\jakarta.transaction\jakarta.transaction-api\2.0.1\51a520e3fae406abb84e2e1148e6746ce3f80a1a\jakarta.transaction-api-2.0.1.jar;C:\Users\Rayhan_Bhuya\.gradle\caches\modules-2\files-2.1\commons-logging\commons-logging\1.3.5\a3fcc5d3c29b2b03433aa2d2f2d2c1b1638924a1\commons-logging-1.3.5.jar;C:\Users\Rayhan_Bhuya\.gradle\caches\modules-2\files-2.1\tools.jackson.core\jackson-core\3.0.4\c5be0f5814e161030c29fc48b92c27331729ab7f\jackson-core-3.0.4.jar;C:\Users\Rayhan_Bhuya\.gradle\caches\modules-2\files-2.1\io.micrometer\micrometer-commons\1.16.2\58670637cb6e0c5fc855950fed827149779da226\micrometer-commons-1.16.2.jar;C:\Users\Rayhan_Bhuya\.gradle\caches\modules-2\files-2.1\org.jetbrains\annotations\13.0\919f0dfe192fb4e063e7dacadee7f8bb9a2672a9\annotations-13.0.jar;C:\Users\Rayhan_Bhuya\.gradle\caches\modules-2\files-2.1\org.osgi\org.osgi.resource\1.0.0\343c88949132984b3f2d4175a72c40b77dc65619\org.osgi.resource-1.0.0.jar;C:\Users\Rayhan_Bhuya\.gradle\caches\modules-2\files-2.1\org.osgi\org.osgi.service.serviceloader\1.0.0\3728ff37909c6a3c1870b3e851342d9f2bd3cc63\org.osgi.service.serviceloader-1.0.0.jar;C:\Users\Rayhan_Bhuya\.gradle\caches\modules-2\files-2.1\org.postgresql\postgresql\42.7.9\2b748cd83a1ba3d6ef62dc64e075d1760f9a6d31\postgresql-42.7.9.jar;C:\Users\Rayhan_Bhuya\.gradle\caches\modules-2\files-2.1\org.checkerframework\checker-qual\3.52.0\9c17f496846ab1fca8975c6a50ceac0b3bbe63f0\checker-qual-3.52.0.jar;C:\Users\Rayhan_Bhuya\.gradle\caches\modules-2\files-2.1\com.google.errorprone\error_prone_annotations\2.23.0\43a27853b6c7d54893e0b1997c2c778c347179eb\error_prone_annotations-2.23.0.jar;C:\Users\Rayhan_Bhuya\.gradle\caches\modules-2\files-2.1\org.hibernate.models\hibernate-models\1.0.1\3158c5f9309494b905de62c72f6f02d108aea651\hibernate-models-1.0.1.jar;C:\Users\Rayhan_Bhuya\.gradle\caches\modules-2\files-2.1\net.bytebuddy\byte-buddy\1.17.8\af5735f63d00ca47a9375fae5c7471a36331c6ed\byte-buddy-1.17.8.jar;C:\Users\Rayhan_Bhuya\.gradle\caches\modules-2\files-2.1\org.glassfish.jaxb\jaxb-runtime\4.0.6\fb95ebb62564657b2fedfe165b859789ef3a8711\jaxb-runtime-4.0.6.jar;C:\Users\Rayhan_Bhuya\.gradle\caches\modules-2\files-2.1\jakarta.xml.bind\jakarta.xml.bind-api\4.0.4\d6d2327f3817d9a33a3b6b8f2e15a96bc2e7afdc\jakarta.xml.bind-api-4.0.4.jar;C:\Users\Rayhan_Bhuya\.gradle\caches\modules-2\files-2.1\jakarta.inject\jakarta.inject-api\2.0.1\4c28afe1991a941d7702fe1362c365f0a8641d1e\jakarta.inject-api-2.0.1.jar;C:\Users\Rayhan_Bhuya\.gradle\caches\modules-2\files-2.1\org.glassfish.jaxb\jaxb-core\4.0.6\8e61282303777fc98a00cc3affd0560d68748a75\jaxb-core-4.0.6.jar;C:\Users\Rayhan_Bhuya\.gradle\caches\modules-2\files-2.1\jakarta.activation\jakarta.activation-api\2.1.4\9e5c2a0d75dde71a0bedc4dbdbe47b78a5dc50f8\jakarta.activation-api-2.1.4.jar;C:\Users\Rayhan_Bhuya\.gradle\caches\modules-2\files-2.1\org.eclipse.angus\angus-activation\2.0.3\7f80607ea5014fef0b1779e6c33d63a88a45a563\angus-activation-2.0.3.jar;C:\Users\Rayhan_Bhuya\.gradle\caches\modules-2\files-2.1\org.glassfish.jaxb\txw2\4.0.6\4f4cd53b5ff9a2c5aa1211f15ed2569c57dfb044\txw2-4.0.6.jar;C:\Users\Rayhan_Bhuya\.gradle\caches\modules-2\files-2.1\com.sun.istack\istack-commons-runtime\4.1.2\18ec117c85f3ba0ac65409136afa8e42bc74e739\istack-commons-runtime-4.1.2.jar;C:\Users\Rayhan_Bhuya\AppData\Local\Programs\IntelliJ IDEA 2025.2.3\lib\idea_rt.jar
Launcher Type: SUN_STANDARD

[Global flags]
     intx CICompilerCount                          = 4                                         {product} {ergonomic}
     uint ConcGCThreads                            = 3                                         {product} {ergonomic}
     uint G1ConcRefinementThreads                  = 10                                        {product} {ergonomic}
   size_t G1HeapRegionSize                         = 1048576                                   {product} {ergonomic}
    uintx GCDrainStackTargetSize                   = 64                                        {product} {ergonomic}
   size_t InitialHeapSize                          = 123731968                                 {product} {ergonomic}
     bool ManagementServer                         = true                                      {product} {command line}
   size_t MarkStackSize                            = 4194304                                   {product} {ergonomic}
   size_t MaxHeapSize                              = 1975517184                                {product} {ergonomic}
   size_t MaxNewSize                               = 1184890880                                {product} {ergonomic}
   size_t MinHeapDeltaBytes                        = 1048576                                   {product} {ergonomic}
   size_t MinHeapSize                              = 8388608                                   {product} {ergonomic}
    uintx NonNMethodCodeHeapSize                   = 4096                                   {pd product} {ergonomic}
    uintx NonProfiledCodeHeapSize                  = 0                                      {pd product} {ergonomic}
     bool ProfileInterpreter                       = false                                  {pd product} {command line}
    uintx ProfiledCodeHeapSize                     = 0                                      {pd product} {ergonomic}
   size_t SoftMaxHeapSize                          = 1975517184                             {manageable} {ergonomic}
     intx TieredStopAtLevel                        = 1                                         {product} {command line}
     bool UseCompressedOops                        = true                           {product lp64_product} {ergonomic}
     bool UseG1GC                                  = true                                      {product} {ergonomic}
     bool UseLargePagesIndividualAllocation        = false                                  {pd product} {ergonomic}

Logging:
Log output configuration:
 #0: stdout all=warning uptime,level,tags foldmultilines=false
 #1: stderr all=off uptime,level,tags foldmultilines=false

Environment Variables:
JAVA_HOME=C:\Program Files\Java\jdk-21.0.10
PATH=C:\Python314\Scripts\;C:\Python314\;C:\Program Files\Java\jdk-21.0.10\bin;C:\Program Files\Common Files\Oracle\Java\javapath;C:\WINDOWS\system32;C:\WINDOWS;C:\WINDOWS\System32\Wbem;C:\WINDOWS\System32\WindowsPowerShell\v1.0\;C:\WINDOWS\System32\OpenSSH\;C:\Program Files\dotnet\;C:\Program Files\Git\cmd;C:\Program Files\nodejs\;C:\ProgramData\chocolatey\bin;C:\Users\Rayhan_Bhuya\AppData\Local\Programs\Python\Launcher\;C:\Program Files\MySQL\MySQL Shell 8.0\bin\;C:\Users\Rayhan_Bhuya\AppData\Local\Microsoft\WindowsApps;C:\Users\Rayhan_Bhuya\AppData\Local\Programs\Microsoft VS Code Insiders\bin;C:\Users\Rayhan_Bhuya\AppData\Local\Programs\Microsoft VS Code\bin;C:\Users\Rayhan_Bhuya\AppData\Local\Programs\Antigravity\bin;C:\Users\Rayhan_Bhuya\AppData\Roaming\npm;D:\Android Projects\Kiro\bin
USERNAME=Rayhan_Bhuya
OS=Windows_NT
PROCESSOR_IDENTIFIER=AMD64 Family 25 Model 80 Stepping 0, AuthenticAMD
TMP=C:\Users\RAYHAN~1\AppData\Local\Temp
TEMP=C:\Users\RAYHAN~1\AppData\Local\Temp




Periodic native trim disabled

---------------  S Y S T E M  ---------------

OS:
 Windows 11 , 64 bit Build 26100 (10.0.26100.7623)
OS uptime: 0 days 4:32 hours

CPU: total 12 (initial active 12) (12 cores per cpu, 2 threads per core) family 25 model 80 stepping 0 microcode 0xa50000d, cx8, cmov, fxsr, ht, mmx, 3dnowpref, sse, sse2, sse3, ssse3, sse4a, sse4.1, sse4.2, popcnt, lzcnt, tsc, tscinvbit, avx, avx2, aes, erms, clmul, bmi1, bmi2, adx, sha, fma, vzeroupper, clflush, clflushopt, rdtscp, rdpid, fsrm, f16c, pku, cet_ss
Processor Information for all 12 processors :
  Max Mhz: 3901, Current Mhz: 3901, Mhz Limit: 3901

Memory: 4k page, system-wide physical 7528M (617M free)
TotalPageFile size 30404M (AvailPageFile size 0M)
current process WorkingSet (physical memory assigned to process): 318M, peak: 318M
current process commit charge ("private bytes"): 370M, peak: 370M

vm_info: Java HotSpot(TM) 64-Bit Server VM (21.0.10+8-LTS-217) for windows-amd64 JRE (21.0.10+8-LTS-217), built on 2025-12-18T14:59:28Z by "mach5run" with MS VC++ 17.13 (VS2022)

END.
